DNI ALL SKY ,,,,,,,,,,,,,,,,,,,,,,,,,,,,,,,,,,,,,,,,,,,,,,,,,,,,,,
MBE,,,,,,,,,,,,,,,,,,,,,,,,,,,,,,,,,,,,,,,,,,,,,,,,,,,,,,
Station/Model,Site2,Climate2,National2,SS,IP,BigaRosa,Brichambaut,Schulze,DPP,Meinel,Sharma,ElMghouchi,HLJ,FuRich,TJ,McClear,Ineichen,Site1,Climate1,National1,Laurie,Kasten,Kumar,Campbell,Samimi,ESRA,,,,,,,,,,,,,,,,,,,,,,,,,,,,
Alexandra Bay,-31.01,9.33,-33.62,-69.75,-169.62,-103.67,-107.54,8.65,-33.66,-79.38,-78.08,-36.09,-163.68,-446.7,-37.91,-3.39,-101.92,-32.24,8.33,-27.63,-68.86,-174.77,15.21,-145.94,-69.83,-158.72,,,,,,,,,,,,,,,,,,,,,,,,,,,,
Upington,-76.38,-36.75,-7.38,-111.09,-151.93,-141.92,-159.25,-34.58,-78.86,-130.98,-128.85,-84.98,-122.63,-465.42,-99.69,-14.9,-158.12,-9.78,-38.99,-71.76,-64.86,-181.6,-42.42,-211.51,-66.37,-174.6,,,,,,,,,,,,,,,,,,,,,,,,,,,,
De Aar,-2.09,-2.09,-15.42,-115.23,-110.72,-154.87,-169.06,-42.91,-87.45,-140.13,-138.55,-91.21,-84.33,-456.32,-103.34,15.38,-165.96,-3.2,-3.2,-79.04,-39.37,-154.62,-53.11,-222.05,-40.49,-159.16,,,,,,,,,,,,,,,,,,,,,,,,,,,,
Bethlehem,74.84,74.84,61.55,-43.7,75.68,-81.6,-93.36,33.49,-8.78,-72.47,-71.06,-27.19,18.12,-362.27,-58.28,77.14,-96.3,63.18,63.18,-12.41,57.52,32.94,13.7,-150.84,56.57,16.48,,,,,,,,,,,,,,,,,,,,,,,,,,,,
Mahikeng,14.95,2.61,18.37,-16.47,26.36,-50.47,-61.22,60.52,17.94,-40.34,-38.63,1.87,15.87,-344.57,-24.51,79.91,-64.71,17.66,6.09,15.5,57.82,-12.25,49.72,-113.87,56.72,-14.76,,,,,,,,,,,,,,,,,,,,,,,,,,,,
Irene,-3.56,15.54,31.76,-5.65,67.39,-41.73,-47.16,74.05,33.1,-31.08,-29.85,9.85,45.45,-320.87,-25.07,-27.22,-52.8,-3.26,13.84,23.54,82.3,25.08,58.92,-100.42,81.52,14.22,,,,,,,,,,,,,,,,,,,,,,,,,,,,
Pretoria,-9.96,2.03,18.47,-18.18,44.94,-55.04,-58.56,60.78,20.3,-41.91,-40.72,-1.59,24.99,-335.95,-32.04,-45.92,-63.07,-10.86,1.2,11.06,62.14,5.58,49.57,-108.53,61.4,-2.32,,,,,,,,,,,,,,,,,,,,,,,,,,,,
Thohoyandou,-7.29,-20.88,54.95,14.88,-5.38,-16.71,-17.21,97.26,56.78,0.58,1.78,38.56,-14.76,-332.42,16.82,54.98,-20.18,-4.92,-17.51,49.57,46.18,-25.25,95.73,-60.61,45.39,-16.02,,,,,,,,,,,,,,,,,,,,,,,,,,,,
Nelspruit,4.19,16.22,92.92,46.94,54.9,19.44,13.36,135.19,94.57,29.22,30.52,69.61,41.77,-298.4,34.6,94.52,7.38,5.84,16.67,84.19,94.1,27.84,118.92,-40.57,93.19,31.84,,,,,,,,,,,,,,,,,,,,,,,,,,,,
Durban,-8.64,47.99,116.35,71.92,55.36,42.32,42.13,158.69,119.49,64.02,65.13,103.85,-25.76,-303.99,88.53,63.73,43.99,-6.55,49.01,114.28,70.65,52.63,158.49,2.31,69.84,73.37,,,,,,,,,,,,,,,,,,,,,,,,,,,,
Mthatha,12.63,-46.06,18.27,-31.41,35.56,-57.92,-70.14,60.52,18.77,-48.57,-47.4,-0.89,-52.5,-398.75,-34.79,38.31,-71.76,11.42,-45.76,14.45,9.14,15.14,34.84,-130,8.09,19.09,,,,,,,,,,,,,,,,,,,,,,,,,,,,
George,-7.36,13.9,8.03,-33.34,-73.18,-64.49,-73.74,50.28,7.73,-44.03,-42.73,3.84,-123.58,-419.48,-3.58,46.52,-67.57,-7.05,12.14,14.39,-29.26,-79.64,44.98,-119.97,-30.37,-63.22,,,,,,,,,,,,,,,,,,,,,,,,,,,,
Stellenboch,-7.38,-6.16,-12.45,-42.74,-77.49,-82.62,-85.81,29.83,-12.44,-52.07,-50.81,-6.61,-140.05,-422.55,3.99,-2.23,-74.5,-6.51,-2.9,-0.52,-43.16,-81.3,43.53,-118.15,-53.16,-61.02,,,,,,,,,,,,,,,,,,,,,,,,,,,,
Cape Point,-18.15,-75.32,-80.47,-130.04,-142.81,-148.44,-170.18,-38.44,-83.82,-141.44,-139.46,-90.41,-240.64,-527.36,-114.76,-68.23,-169.49,-14.54,-77.85,-75.81,-134.5,-145.62,-58.36,-231.24,-136.22,-124.61,,,,,,,,,,,,,,,,,,,,,,,,,,,,
,,,,,,,,,,,,,,,,,,,,,,,,,,,,,,,,,,,,,,,,,,,,,,,,,,,,,,
,,,,,,,,,,,,,,,,,,,,,,,,,,,,,,,,,,,,,,,,,,,,,,,,,,,,,,
rMBE,,,,,,,,,,,,,,,,,,,,,,,,,,,,rMBE,,,,,,,,,,,,,,,,,,,,,,,,,,
Station/Model,Site2,Climate2,National2,SS,IP,BigaRosa,Brichambaut,Schulze,DPP,Meinel,Sharma,ElMghouchi,HLJ,FuRich,TJ,McClear,Ineichen,Site1,Climate1,National1,Laurie,Kasten,Kumar,Campbell,Samimi,ESRA,,Station/Model,Site2,Climate2,National2,SS,IP,BigaRosa,Brichambaut,Schulze,DPP,Meinel,Sharma,ElMghouchi,HLJ,FuRich,TJ,McClear,Ineichen,Site1,Climate1,National1,Laurie,Kasten,Kumar,Campbell,Samimi,ESRA
Alexandra Bay,-3.38,1.02,-3.67,-7.61,-18.5,-11.31,-11.73,0.94,-3.67,-8.66,-8.52,-3.94,-17.85,-48.72,-4.14,-0.37,-11.12,-3.52,0.91,-3.01,-7.51,-19.06,1.66,-15.92,-7.62,-17.31,,Alexandra Bay,3.38,1.02,3.67,7.61,18.5,11.31,11.73,0.94,3.67,8.66,8.52,3.94,17.85,48.72,4.14,0.37,11.12,3.52,0.91,3.01,7.51,19.06,1.66,15.92,7.62,17.31
Upington,-8.18,-3.94,-0.79,-11.9,-16.27,-15.2,-17.05,-3.7,-8.44,-14.03,-13.8,-9.1,-13.13,-49.84,-10.68,-1.6,-16.93,-1.05,-4.18,-7.68,-6.94,-19.45,-4.54,-22.65,-7.11,-18.7,,Upington,8.18,3.94,0.79,11.9,16.27,15.2,17.05,3.7,8.44,14.03,13.8,9.1,13.13,49.84,10.68,1.6,16.93,1.05,4.18,7.68,6.94,19.45,4.54,22.65,7.11,18.7
De Aar,-0.22,-0.22,-1.63,-12.17,-11.69,-16.36,-17.86,-4.53,-9.24,-14.8,-14.63,-9.63,-8.91,-48.2,-10.92,1.62,-17.53,-0.34,-0.34,-8.35,-4.16,-16.33,-5.61,-23.45,-4.28,-16.81,,De Aar,0.22,0.22,1.63,12.17,11.69,16.36,17.86,4.53,9.24,14.8,14.63,9.63,8.91,48.2,10.92,1.62,17.53,0.34,0.34,8.35,4.16,16.33,5.61,23.45,4.28,16.81
Bethlehem,8.55,8.55,7.03,-4.99,8.65,-9.32,-10.67,3.83,-1,-8.28,-8.12,-3.11,2.07,-41.4,-6.66,8.81,-11,7.22,7.22,-1.42,6.57,3.76,1.56,-17.24,6.46,1.88,,Bethlehem,8.55,8.55,7.03,4.99,8.65,9.32,10.67,3.83,1,8.28,8.12,3.11,2.07,41.4,6.66,8.81,11,7.22,7.22,1.42,6.57,3.76,1.56,17.24,6.46,1.88
Mahikeng,1.76,0.31,2.16,-1.94,3.1,-5.93,-7.19,7.11,2.11,-4.74,-4.54,0.22,1.86,-40.48,-2.88,9.39,-7.6,2.07,0.72,1.82,6.79,-1.44,5.84,-13.38,6.66,-1.73,,Mahikeng,1.76,0.31,2.16,1.94,3.1,5.93,7.19,7.11,2.11,4.74,4.54,0.22,1.86,40.48,2.88,9.39,7.6,2.07,0.72,1.82,6.79,1.44,5.84,13.38,6.66,1.73
Irene,-0.42,1.83,3.75,-0.67,7.95,-4.92,-5.56,8.74,3.9,-3.67,-3.52,1.16,5.36,-37.86,-2.96,-3.21,-6.23,-0.38,1.63,2.78,9.71,2.96,6.95,-11.85,9.62,1.68,,Irene,0.42,1.83,3.75,0.67,7.95,4.92,5.56,8.74,3.9,3.67,3.52,1.16,5.36,37.86,2.96,3.21,6.23,0.38,1.63,2.78,9.71,2.96,6.95,11.85,9.62,1.68
Pretoria,-1.15,0.24,2.14,-2.1,5.2,-6.36,-6.77,7.03,2.35,-4.85,-4.71,-0.18,2.89,-38.85,-3.7,-5.31,-7.29,-1.26,0.14,1.28,7.19,0.64,5.73,-12.55,7.1,-0.27,,Pretoria,1.15,0.24,2.14,2.1,5.2,6.36,6.77,7.03,2.35,4.85,4.71,0.18,2.89,38.85,3.7,5.31,7.29,1.26,0.14,1.28,7.19,0.64,5.73,12.55,7.1,0.27
Thohoyandou,-0.87,-2.5,6.58,1.78,-0.64,-2,-2.06,11.65,6.8,0.07,0.21,4.62,-1.77,-39.81,2.01,6.58,-2.42,-0.59,-2.1,5.94,5.53,-3.02,11.46,-7.26,5.44,-1.92,,Thohoyandou,0.87,2.5,6.58,1.78,0.64,2,2.06,11.65,6.8,0.07,0.21,4.62,1.77,39.81,2.01,6.58,2.42,0.59,2.1,5.94,5.53,3.02,11.46,7.26,5.44,1.92
Nelspruit,0.53,2.07,11.84,5.98,6.99,2.48,1.7,17.22,12.04,3.72,3.89,8.87,5.32,-38.01,4.41,12.04,0.94,0.74,2.12,10.72,11.98,3.55,15.15,-5.17,11.87,4.06,,Nelspruit,0.53,2.07,11.84,5.98,6.99,2.48,1.7,17.22,12.04,3.72,3.89,8.87,5.32,38.01,4.41,12.04,0.94,0.74,2.12,10.72,11.98,3.55,15.15,5.17,11.87,4.06
Durban,-1.12,6.2,15.03,9.29,7.15,5.47,5.44,20.5,15.44,8.27,8.42,13.42,-3.33,-39.28,11.44,8.24,5.68,-0.85,6.33,14.77,9.13,6.8,20.48,0.3,9.02,9.48,,Durban,1.12,6.2,15.03,9.29,7.15,5.47,5.44,20.5,15.44,8.27,8.42,13.42,3.33,39.28,11.44,8.24,5.68,0.85,6.33,14.77,9.13,6.8,20.48,0.3,9.02,9.48
Mthatha,1.49,-5.44,2.16,-3.71,4.2,-6.84,-8.29,7.15,2.22,-5.74,-5.6,-0.1,-6.2,-47.11,-4.11,4.53,-8.48,1.35,-5.41,1.71,1.08,1.79,4.12,-15.36,0.96,2.26,,Mthatha,1.49,5.44,2.16,3.71,4.2,6.84,8.29,7.15,2.22,5.74,5.6,0.1,6.2,47.11,4.11,4.53,8.48,1.35,5.41,1.71,1.08,1.79,4.12,15.36,0.96,2.26
George,-0.85,1.61,0.93,-3.86,-8.48,-7.47,-8.54,5.82,0.9,-5.1,-4.95,0.44,-14.31,-48.58,-0.41,5.39,-7.82,-0.82,1.41,1.67,-3.39,-9.22,5.21,-13.89,-3.52,-7.32,,George,0.85,1.61,0.93,3.86,8.48,7.47,8.54,5.82,0.9,5.1,4.95,0.44,14.31,48.58,0.41,5.39,7.82,0.82,1.41,1.67,3.39,9.22,5.21,13.89,3.52,7.32
Stellenboch,-0.82,-0.69,-1.39,-4.76,-8.64,-9.21,-9.57,3.32,-1.39,-5.8,-5.66,-0.74,-15.61,-47.11,0.44,-0.25,-8.3,-0.73,-0.32,-0.06,-4.81,-9.06,4.85,-13.17,-5.93,-6.8,,Stellenboch,0.82,0.69,1.39,4.76,8.64,9.21,9.57,3.32,1.39,5.8,5.66,0.74,15.61,47.11,0.44,0.25,8.3,0.73,0.32,0.06,4.81,9.06,4.85,13.17,5.93,6.8
Cape Point,-1.96,-8.12,-8.68,-14.02,-15.4,-16,-18.35,-4.14,-9.04,-15.25,-15.04,-9.75,-25.94,-56.86,-12.37,-7.36,-18.27,-1.57,-8.39,-8.17,-14.5,-15.7,-6.29,-24.93,-14.69,-13.44,,Cape Point,1.96,8.12,8.68,14.02,15.4,16,18.35,4.14,9.04,15.25,15.04,9.75,25.94,56.86,12.37,7.36,18.27,1.57,8.39,8.17,14.5,15.7,6.29,24.93,14.69,13.44
,,,,,,,,,,,,,,,,,,,,,,,,,,,,,,,,,,,,,,,,,,,,,,,,,,,,,,
,,,,,,,,,,,,,,,,,,,,,,,,,,,,,2,3,5,6,9,8,9,8,6,7,7,5,9,44,6,5,9,2,3,5,7,8,7,14,7,7
,,,,,,,,,,,,,,,,,,,,,,,,,,,,,,,,,,,,,,,,,,,,,,,,,,,,,,
RMSE,,,,,,,,,,,,,,,,,,,,,,,,,,,,,,,,,,,,,,,,,,,,,,,,,,,,,,
Station/Model,Site2,Climate2,National2,SS,IP,BigaRosa,Brichambaut,Schulze,DPP,Meinel,Sharma,ElMghouchi,HLJ,FuRich,TJ,McClear,Ineichen,Site1,Climate1,National1,Laurie,Kasten,Kumar,Campbell,Samimi,ESRA,,,,,,,,,,,,,,,,,,,,,,,,,,,,
Alexandra Bay,69.44,62.71,71.81,95.94,182.94,120.23,125.85,64.03,72.66,103.68,102.69,74.97,179.5,457.89,105.32,46.53,123.2,71.64,64.55,70.68,95.52,187.86,83.89,175.27,96.39,172.88,,,,,,,,,,,,,,,,,,,,,,,,,,,,
Upington,104.43,80.95,72.95,130.58,179.15,156.35,178.49,78.18,107.69,149.83,147.33,108.34,143.98,478.63,138.5,57.95,178.99,67.25,76.69,96.51,92.62,206.54,101.55,243.14,94.28,196.84,,,,,,,,,,,,,,,,,,,,,,,,,,,,
De Aar,81.68,81.68,83.2,141.91,146.41,174.2,190.8,91.88,120.79,164.13,162.62,121.34,120.04,473.38,148.97,72.23,189.4,79.26,79.26,111.71,88.95,184.67,115.82,254.57,89.62,186.47,,,,,,,,,,,,,,,,,,,,,,,,,,,,
Bethlehem,124.8,124.8,117.46,119.41,125.33,131.18,143.79,104.47,99.73,133.87,133.15,112.1,112.59,389.9,150.73,119.23,150.18,123.6,123.6,105.63,122.57,106.42,127.89,206.12,122.11,103.35,,,,,,,,,,,,,,,,,,,,,,,,,,,,
Mahikeng,86.17,85.07,87.67,96.75,96.36,98.95,116.65,105.09,89.84,106.16,104.94,93.12,98.95,369.48,126.71,103.59,123.03,89.45,87.9,89.46,108.13,96.9,125.57,176.37,107.87,96.18,,,,,,,,,,,,,,,,,,,,,,,,,,,,
Irene,89.59,91.02,94.9,87.48,108.02,96.49,103.55,116.13,96.92,94.13,93.65,86.27,99.12,341.42,101.19,74.43,105.85,86.24,87.27,89.11,118.52,89.13,115.66,150.74,118.04,86.04,,,,,,,,,,,,,,,,,,,,,,,,,,,,
Pretoria,89.68,89.46,91.07,88.23,94.93,102.91,108.82,107.94,93.17,97.14,96.64,84.61,90.7,355.06,101.13,83.35,109.84,85.82,85.37,85.83,104.96,84.89,109.59,154.04,104.58,84.15,,,,,,,,,,,,,,,,,,,,,,,,,,,,
Thohoyandou,76.69,78.92,94.47,75.29,72.08,75.93,78.99,123.96,96.5,74.45,74.51,83.09,77.99,347.37,91.82,78.16,78.56,73.97,75.78,89.34,86.62,76.78,127.68,112.46,86.27,74.68,,,,,,,,,,,,,,,,,,,,,,,,,,,,
Nelspruit,77.42,78.9,120.92,88.45,89.46,77.36,82.57,155.8,123.41,82.04,82.31,100.99,88.9,316.31,93.97,118.71,80.9,73.27,74.9,111.45,119.5,77.26,148.14,111,118.92,78,,,,,,,,,,,,,,,,,,,,,,,,,,,,
Durban,101.32,113.12,154.33,127.39,115.44,108.98,110.92,188.31,157.11,123.24,123.9,147.21,111.55,327.93,156.85,120.92,114.55,102.81,114.64,153.88,126.7,114.18,195.18,119.13,126.32,126.3,,,,,,,,,,,,,,,,,,,,,,,,,,,,
Mthatha,69.12,84.36,70.84,74.1,90.56,88.2,99.24,91.38,72.09,83.89,83.18,65.57,88.35,410.75,96.15,63.06,101.42,66.22,82.33,67.12,66.74,86.44,88.9,161.87,66.76,84.79,,,,,,,,,,,,,,,,,,,,,,,,,,,,
George,58.13,60.37,59.76,71.8,98.89,87.5,96.95,77.65,60.02,78.08,77.44,61.58,143.12,431.38,96.86,73.16,95.43,59.86,61.89,62.26,70.09,104.07,93.63,154.99,70.76,91.71,,,,,,,,,,,,,,,,,,,,,,,,,,,,
Stellenboch,57.63,58.06,59.37,77.19,101.03,100.34,107.05,65.26,60.35,83.52,82.82,61.39,158.57,435.32,95.74,50.08,100.89,59.21,59.4,59.28,77.8,104.15,94.82,154.28,84.43,90.14,,,,,,,,,,,,,,,,,,,,,,,,,,,,
Cape Point,81.42,109.52,112.92,156.29,165.99,166.91,192.28,88.24,117.52,167.49,165.32,124.79,260.32,540.75,168.4,98.78,196.16,83.16,112.63,111.27,161.32,168.52,122.92,266.58,163.31,149.39,,,,,,,,,,,,,,,,,,,,,,,,,,,,
,,,,,,,,,,,,,,,,,,,,,,,,,,,,,,,,,,,,,,,,,,,,,,,,,,,,,,
,83.54615385,83.80153846,90.67307692,98.04,115.4307692,109.1246154,118.7438462,105.3907692,96.17538462,105.7046154,105.0138462,92.35230769,116.4123077,394.9861538,115.6876923,81.64615385,119.4030769,79.89230769,82.58307692,91.71230769,98.36307692,116.8684615,117.5630769,167.2292308,98.95,113.1946154,,,,,,,,,,,,,,,,,,,,,,,,,,,,
,,,,,,,,,,,,,,,,,,,,,,,,,,,,,,,,,,,,,,,,,,,,,,,,,,,,,,
rRMSE,,,,,,,,,,,,,,,,,,,,,,,,,,,,,,,,,,,,,,,,,,,,,,,,,,,,,,
Station/Model,Site2,Climate2,National2,SS,IP,BigaRosa,Brichambaut,Schulze,DPP,Meinel,Sharma,ElMghouchi,HLJ,FuRich,TJ,McClear,Ineichen,Site1,Climate1,National1,Laurie,Kasten,Kumar,Campbell,Samimi,ESRA,,,,,,,,,,,,,,,,,,,,,,,,,,,,
Alexandra Bay,7.57,6.84,7.83,10.46,19.95,13.12,13.73,6.98,7.93,11.31,11.2,8.18,19.58,49.94,11.49,5.08,13.44,7.82,7.04,7.71,10.42,20.49,9.15,19.12,10.51,18.86,,,,,,,,,,,,,,,,,,,,,,,,,,,,
Upington,11.18,8.67,7.81,13.98,19.18,16.74,19.11,8.37,11.53,16.05,15.78,11.6,15.42,51.26,14.83,6.2,19.17,7.2,8.21,10.34,9.92,22.12,10.88,26.04,10.1,21.08,,,,,,,,,,,,,,,,,,,,,,,,,,,,
De Aar,8.63,8.63,8.79,14.99,15.46,18.4,20.15,9.7,12.76,17.34,17.18,12.82,12.68,50,15.73,7.63,20,8.37,8.37,11.8,9.39,19.5,12.23,26.89,9.46,19.69,,,,,,,,,,,,,,,,,,,,,,,,,,,,
Bethlehem,14.26,14.26,13.42,13.64,14.32,14.99,16.43,11.94,11.4,15.3,15.21,12.81,12.86,44.55,17.22,13.62,17.16,14.12,14.12,12.07,14,12.16,14.61,23.55,13.95,11.81,,,,,,,,,,,,,,,,,,,,,,,,,,,,
Mahikeng,10.12,9.99,10.3,11.36,11.32,11.62,13.7,12.34,10.55,12.47,12.33,10.94,11.62,43.4,14.88,12.17,14.45,10.51,10.32,10.51,12.7,11.38,14.75,20.72,12.67,11.3,,,,,,,,,,,,,,,,,,,,,,,,,,,,
Irene,10.57,10.74,11.2,10.32,12.74,11.38,12.22,13.7,11.44,11.11,11.05,10.18,11.7,40.28,11.94,8.78,12.49,10.17,10.3,10.51,13.98,10.52,13.65,17.79,13.93,10.15,,,,,,,,,,,,,,,,,,,,,,,,,,,,
Pretoria,10.37,10.34,10.53,10.2,10.98,11.9,12.58,12.48,10.77,11.23,11.18,9.78,10.49,41.06,11.69,9.64,12.7,9.92,9.87,9.93,12.14,9.82,12.67,17.81,12.09,9.73,,,,,,,,,,,,,,,,,,,,,,,,,,,,
Thohoyandou,9.18,9.45,11.31,9.02,8.63,9.09,9.46,14.84,11.56,8.92,8.92,9.95,9.34,41.6,11,9.36,9.41,8.86,9.07,10.7,10.37,9.2,15.29,13.47,10.33,8.94,,,,,,,,,,,,,,,,,,,,,,,,,,,,
Nelspruit,9.86,10.05,15.4,11.27,11.39,9.85,10.52,19.84,15.72,10.45,10.48,12.86,11.32,40.29,11.97,15.12,10.3,9.33,9.54,14.19,15.22,9.84,18.87,14.14,15.15,9.94,,,,,,,,,,,,,,,,,,,,,,,,,,,,
Durban,13.09,14.62,19.94,16.46,14.92,14.08,14.33,24.33,20.3,15.92,16.01,19.02,14.41,42.37,20.27,15.62,14.8,13.28,14.81,19.88,16.37,14.75,25.22,15.39,16.32,16.32,,,,,,,,,,,,,,,,,,,,,,,,,,,,
Mthatha,8.17,9.97,8.37,8.75,10.7,10.42,11.72,10.8,8.52,9.91,9.83,7.75,10.44,48.53,11.36,7.45,11.98,7.82,9.73,7.93,7.88,10.21,10.5,19.12,7.89,10.02,,,,,,,,,,,,,,,,,,,,,,,,,,,,
George,6.73,6.99,6.92,8.32,11.45,10.13,11.23,8.99,6.95,9.04,8.97,7.13,16.57,49.96,11.22,8.47,11.05,6.93,7.17,7.21,8.12,12.05,10.84,17.95,8.2,10.62,,,,,,,,,,,,,,,,,,,,,,,,,,,,
Stellenboch,6.42,6.47,6.62,8.6,11.26,11.18,11.93,7.28,6.73,9.31,9.23,6.84,17.68,48.53,10.67,5.58,11.25,6.6,6.62,6.61,8.67,11.61,10.57,17.2,9.41,10.05,,,,,,,,,,,,,,,,,,,,,,,,,,,,
Cape Point,8.78,11.81,12.17,16.85,17.9,18,20.73,9.51,12.67,18.06,17.82,13.45,28.07,58.3,18.16,10.65,21.15,8.97,12.14,12,17.39,18.17,13.25,28.74,17.61,16.11,,,,,,,,,,,,,,,,,,,,,,,,,,,,
,,,,,,,,,,,,,,,,,,,,,,,,,,,,,,,,,,,,,,,,,,,,,,,,,,,,,,
,10,10,11,12,14,13,14,12,11,13,13,11,14,46,14,10,14,9,10,11,12,14,14,20,12,13,,,,,,,,,,,,,,,,,,,,,,,,,,,,
,,,,,,,,,,,,,,,,,,,,,,,,,,,,,,,,,,,,,,,,,,,,,,,,,,,,,,
MAE,,,,,,,,,,,,,,,,,,,,,,,,,,,,,,,,,,,,,,,,,,,,,,,,,,,,,,
Station/Model,Site2,Climate2,National2,SS,IP,BigaRosa,Brichambaut,Schulze,DPP,Meinel,Sharma,ElMghouchi,HLJ,FuRich,TJ,McClear,Ineichen,Site1,Climate1,National1,Laurie,Kasten,Kumar,Campbell,Samimi,ESRA,,,,,,,,,,,,,,,,,,,,,,,,,,,,
Alexandra Bay,55.02,42.95,57.66,81.81,173.71,111.26,114.78,44.2,58.12,89.81,88.73,60.14,167.81,446.75,84.69,30.38,109.74,57.08,45.78,55.83,81.16,178.71,64.63,151.64,81.96,163.26,,,,,,,,,,,,,,,,,,,,,,,,,,,,
Upington,91.49,65.23,53.42,118.7,158.95,147.14,164.2,64.07,94.14,137.07,135.06,96.19,129.65,465.51,111.79,37.56,162.9,49.72,62.81,85.89,79.96,186.12,77.37,214.86,81.24,179.34,,,,,,,,,,,,,,,,,,,,,,,,,,,,
De Aar,49.28,49.28,54.92,128.5,128.36,165.39,179.31,71.43,105.73,151.62,150.14,106.96,101.53,458.89,119.53,33.46,176.09,47.71,47.71,96.9,65.54,167.11,86.63,230.35,66.35,170.79,,,,,,,,,,,,,,,,,,,,,,,,,,,,
Bethlehem,83.25,83.25,76.55,96.3,86.54,117.36,126.81,67.9,74.38,114.5,113.67,87.31,75.76,368.24,123.24,80.21,131.6,79.37,79.37,78.97,77.82,71.82,90.36,179.6,77.57,70.58,,,,,,,,,,,,,,,,,,,,,,,,,,,,
Mahikeng,64.39,64.82,64.82,77.81,71.96,84.34,96.37,76.92,66.47,87.62,86.74,71.81,74.45,345.43,105.62,84.13,101.54,66.79,67.18,66.92,79.01,74.31,95.16,143.35,78.84,75.85,,,,,,,,,,,,,,,,,,,,,,,,,,,,
Irene,72.49,72.44,74.34,69.91,86.12,80.58,85.95,90.34,76.02,77.37,76.91,67.79,74.75,321,83.4,60.17,88.46,69.37,68.6,69.17,90.79,71.19,88.56,125.28,90.35,68.9,,,,,,,,,,,,,,,,,,,,,,,,,,,,
Pretoria,72.42,71.93,72.24,69.89,75.63,85.63,89.87,84.35,73.94,79.2,78.68,66.52,69.04,336.21,83.2,67.61,91.57,68.62,67.6,67.29,79.88,67.48,83.38,129.18,79.55,66.56,,,,,,,,,,,,,,,,,,,,,,,,,,,,
Thohoyandou,59.19,62.74,69.23,54.62,52.23,59.67,61.94,99.34,71.28,55.62,55.53,59.53,60.02,333.11,74.34,61.19,61.09,56.36,59.67,64.47,61.92,58.66,102.77,88.81,61.63,55.59,,,,,,,,,,,,,,,,,,,,,,,,,,,,
Nelspruit,59.78,60.52,99.29,66.24,70.67,58.4,61.92,136.28,101.83,60.83,61.05,78.34,66.71,298.61,72.06,101.74,60.05,55.77,56.37,89.5,98.64,58.43,126.16,82.55,97.98,59.85,,,,,,,,,,,,,,,,,,,,,,,,,,,,
Durban,68.13,75.3,118.76,87.4,75.9,68.74,70.35,158.79,121.85,82.68,83.41,110.27,74.84,312.24,113.78,84.58,73.44,67.43,75,118.1,86.66,74.65,161.03,79.61,86.2,87.27,,,,,,,,,,,,,,,,,,,,,,,,,,,,
Mthatha,51.81,72.17,52.27,61.76,68.31,77.13,86.02,67.03,53.13,71.16,70.49,51.07,74.47,398.87,79.61,48.79,86.97,49.49,70.36,49.7,49.82,66.57,68.47,138.54,50.01,64.24,,,,,,,,,,,,,,,,,,,,,,,,,,,,
George,42.08,40.19,40.81,55.99,84.33,77.2,83.94,55.05,41.37,62.41,61.68,43.25,129.39,419.86,77.85,56.02,79.66,43.78,42.09,42,53.87,89.54,72.64,128.88,54.49,76.51,,,,,,,,,,,,,,,,,,,,,,,,,,,,
Stellenboch,42.46,42.61,45.22,63.31,90.64,92.15,95.66,42.93,45.84,69.87,69.02,45.46,144.92,422.71,75.05,35.58,87.08,43.98,43.74,43.06,63.68,93.78,75.03,128.16,70.71,77.73,,,,,,,,,,,,,,,,,,,,,,,,,,,,
Cape Point,54.61,94.07,98.45,142.57,155,158.74,179.72,65.85,101.64,153.12,151.26,108.09,246.19,527.8,137.69,81.66,179.39,57.86,97.08,95.43,146.79,157.61,93.2,238.17,148.42,138.05,,,,,,,,,,,,,,,,,,,,,,,,,,,,
,,,,,,,,,,,,,,,,,,,,,,,,,,,,,,,,,,,,,,,,,,,,,,,,,,,,,,
,,,,,,,,,,,,,,,,,,,,,,,,,,,,,,,,,,,,,,,,,,,,,,,,,,,,,,
rMAE,,,,,,,,,,,,,,,,,,,,,,,,,,,,,,,,,,,,,,,,,,,,,,,,,,,,,,
Station/Model,Site2,Climate2,National2,SS,IP,BigaRosa,Brichambaut,Schulze,DPP,Meinel,Sharma,ElMghouchi,HLJ,FuRich,TJ,McClear,Ineichen,Site1,Climate1,National1,Laurie,Kasten,Kumar,Campbell,Samimi,ESRA,,,,,,,,,,,,,,,,,,,,,,,,,,,,
Alexandra Bay,6,4.68,6.29,8.92,18.95,12.14,12.52,4.82,6.34,9.8,9.68,6.56,18.3,48.73,9.24,3.31,11.97,6.23,4.99,6.09,8.85,19.49,7.05,16.54,8.94,17.81,,,,,,,,,,,,,,,,,,,,,,,,,,,,
Upington,9.8,6.98,5.72,12.71,17.02,15.76,17.58,6.86,10.08,14.68,14.46,10.3,13.88,49.85,11.97,4.02,17.44,5.32,6.73,9.2,8.56,19.93,8.28,23.01,8.7,19.21,,,,,,,,,,,,,,,,,,,,,,,,,,,,
De Aar,5.2,5.2,5.8,13.57,13.56,17.47,18.94,7.54,11.17,16.01,15.86,11.3,10.72,48.47,12.62,3.53,18.6,5.04,5.04,10.24,6.92,17.65,9.15,24.33,7.01,18.04,,,,,,,,,,,,,,,,,,,,,,,,,,,,
Bethlehem,9.51,9.51,8.75,11,9.89,13.41,14.49,7.76,8.5,13.08,12.99,9.98,8.66,42.08,14.08,9.16,15.04,9.07,9.07,9.02,8.89,8.21,10.32,20.52,8.86,8.06,,,,,,,,,,,,,,,,,,,,,,,,,,,,
Mahikeng,7.56,7.61,7.62,9.14,8.45,9.91,11.32,9.04,7.81,10.29,10.19,8.44,8.74,40.58,12.41,9.88,11.93,7.85,7.89,7.86,9.28,8.73,11.18,16.84,9.26,8.91,,,,,,,,,,,,,,,,,,,,,,,,,,,,
Irene,8.55,8.55,8.77,8.25,10.16,9.51,10.14,10.66,8.97,9.13,9.07,8,8.82,37.87,9.84,7.1,10.44,8.18,8.09,8.16,10.71,8.4,10.45,14.78,10.66,8.13,,,,,,,,,,,,,,,,,,,,,,,,,,,,
Pretoria,8.38,8.32,8.35,8.08,8.74,9.9,10.39,9.75,8.55,9.16,9.1,7.69,7.98,38.88,9.62,7.82,10.59,7.94,7.82,7.78,9.24,7.8,9.64,14.94,9.2,7.7,,,,,,,,,,,,,,,,,,,,,,,,,,,,
Thohoyandou,7.09,7.51,8.29,6.54,6.26,7.15,7.42,11.9,8.54,6.66,6.65,7.13,7.19,39.89,8.9,7.33,7.32,6.75,7.14,7.72,7.42,7.02,12.31,10.64,7.38,6.66,,,,,,,,,,,,,,,,,,,,,,,,,,,,
Nelspruit,7.61,7.71,12.65,8.44,9,7.44,7.89,17.36,12.97,7.75,7.78,9.98,8.5,38.03,9.18,12.96,7.65,7.1,7.18,11.4,12.56,7.44,16.07,10.51,12.48,7.62,,,,,,,,,,,,,,,,,,,,,,,,,,,,
Durban,8.8,9.73,15.35,11.29,9.81,8.88,9.09,20.52,15.74,10.68,10.78,12.25,9.67,40.35,14.7,10.93,9.49,8.71,9.69,15.26,11.2,9.65,20.81,10.29,11.14,11.28,,,,,,,,,,,,,,,,,,,,,,,,,,,,
Mthatha,6.12,8.53,6.18,7.3,8.07,9.11,10.16,7.92,6.28,8.41,8.33,6.03,8.8,47.12,9.4,5.76,10.28,5.85,8.31,5.87,5.89,7.86,8.09,16.37,5.91,7.59,,,,,,,,,,,,,,,,,,,,,,,,,,,,
George,4.87,4.65,4.73,6.48,9.76,8.94,9.72,6.38,4.79,7.23,7.14,5.01,14.98,48.62,9.02,6.49,9.22,5.07,4.87,4.86,6.24,10.37,8.41,14.92,6.31,8.86,,,,,,,,,,,,,,,,,,,,,,,,,,,,
Stellenboch,4.73,4.75,5.04,7.06,10.1,10.27,10.66,4.79,5.11,7.79,7.69,5.07,16.16,47.12,8.37,3.97,9.71,4.9,4.88,4.8,7.1,10.46,8.36,14.29,7.88,8.66,,,,,,,,,,,,,,,,,,,,,,,,,,,,
Cape Point,5.89,10.14,10.62,15.37,16.71,17.11,19.38,7.1,10.96,16.51,16.31,11.65,26.54,56.9,14.84,8.8,19.34,6.24,10.47,10.29,15.83,16.99,10.05,25.68,16,14.88,,,,,,,,,,,,,,,,,,,,,,,,,,,,
,,,,,,,,,,,,,,,,,,,,,,,,,,,,,,,,,,,,,,,,,,,,,,,,,,,,,,
,7,7,8,10,11,11,12,9,9,11,10,9,12,45,11,7,12,7,7,8,9,11,11,17,9,11,,,,,,,,,,,,,,,,,,,,,,,,,,,,
R2,,,,,,,,,,,,,,,,,,,,,,,,,,,,,,,,,,,,,,,,,,,,,,,,,,,,,,
Station/Model,Site2,Climate2,National2,SS,IP,BigaRosa,Brichambaut,Schulze,DPP,Meinel,Sharma,ElMghouchi,HLJ,FuRich,TJ,McClear,Ineichen,Site1,Climate1,National1,Laurie,Kasten,Kumar,Campbell,Samimi,ESRA,,,,,,,,,,,,,,,,,,,,,,,,,,,,
Alexandra Bay,0.52,0.61,0.49,0.09,-2.3,-0.42,-0.56,0.6,0.48,-0.06,-0.04,0.45,-2.18,-19.67,-0.09,0.79,-0.5,0.49,0.59,0.51,0.1,-2.48,0.31,-2.03,0.08,-1.95,,,,,,,,,,,,,,,,,,,,,,,,,,,,
Upington,0.26,0.56,0.64,-0.15,-1.17,-0.65,-1.15,0.59,0.22,-0.52,-0.46,0.21,-0.4,-14.46,-0.29,0.77,-1.16,0.7,0.6,0.37,0.42,-1.88,0.3,-2.99,0.4,-1.61,,,,,,,,,,,,,,,,,,,,,,,,,,,,
De Aar,0.53,0.53,0.51,-0.42,-0.51,-1.14,-1.56,0.4,-0.03,-0.9,-0.86,-0.04,-0.02,-14.78,-0.56,0.63,-1.53,0.56,0.56,0.12,0.44,-1.4,0.06,-3.56,0.43,-1.45,,,,,,,,,,,,,,,,,,,,,,,,,,,,
Bethlehem,-0.04,-0.04,0.08,0.05,-0.04,-0.14,-0.38,0.27,0.34,-0.19,-0.18,0.16,0.16,-9.11,-0.51,0.05,-0.5,-0.02,-0.02,0.26,0,0.25,-0.09,-1.83,0.01,0.29,,,,,,,,,,,,,,,,,,,,,,,,,,,,
Mahikeng,0.4,0.42,0.38,0.25,0.25,0.21,-0.1,0.11,0.35,0.09,0.11,0.3,0.21,-9.99,-0.29,0.14,-0.22,0.36,0.38,0.36,0.06,0.24,-0.27,-1.5,0.06,0.26,,,,,,,,,,,,,,,,,,,,,,,,,,,,
Irene,0.34,0.32,0.26,0.37,0.04,0.24,0.12,-0.11,0.23,0.27,0.28,0.39,0.19,-8.56,0.16,0.55,0.08,0.39,0.38,0.35,-0.15,0.35,-0.1,-0.86,-0.14,0.39,,,,,,,,,,,,,,,,,,,,,,,,,,,,
Pretoria,0.31,0.31,0.29,0.33,0.22,0.09,-0.02,0,0.25,0.19,0.2,0.38,0.29,-9.85,0.12,0.4,-0.04,0.37,0.37,0.37,0.05,0.38,-0.03,-1.04,0.06,0.39,,,,,,,,,,,,,,,,,,,,,,,,,,,,
Thohoyandou,0.42,0.39,0.12,0.44,0.49,0.43,0.38,-0.51,0.08,0.45,0.45,0.32,0.4,-10.89,0.17,0.4,0.39,0.46,0.43,0.21,0.26,0.42,-0.61,-0.25,0.27,0.45,,,,,,,,,,,,,,,,,,,,,,,,,,,,
Nelspruit,0.42,0.39,-0.42,0.24,0.22,0.42,0.34,-1.37,-0.48,0.34,0.34,0.01,0.23,-8.75,0.14,-0.37,0.36,0.48,0.45,-0.21,-0.39,0.42,-1.14,-0.2,-0.38,0.41,,,,,,,,,,,,,,,,,,,,,,,,,,,,
Durban,0.22,0.03,-0.8,-0.23,-0.01,0.1,0.07,-1.68,-0.87,-0.15,-0.16,-0.64,0.06,-7.13,-0.86,-0.11,0.01,0.2,0.01,-0.79,-0.21,0.01,-1.88,-0.07,-0.21,-0.21,,,,,,,,,,,,,,,,,,,,,,,,,,,,
Mthatha,0.53,0.31,0.51,0.46,0.2,0.24,0.04,0.19,0.49,0.31,0.33,0.58,0.24,-15.45,0.1,0.61,0,0.57,0.34,0.56,0.57,0.27,0.23,-1.55,0.57,0.3,,,,,,,,,,,,,,,,,,,,,,,,,,,,
George,0.67,0.65,0.65,0.5,0.05,0.26,0.09,0.41,0.65,0.41,0.42,0.63,-0.99,-17.09,0.09,0.48,0.12,0.65,0.63,0.62,0.52,-0.05,0.15,-1.34,0.51,0.18,,,,,,,,,,,,,,,,,,,,,,,,,,,,
Stellenboch,0.61,0.6,0.58,0.3,-0.2,-0.18,-0.35,0.5,0.57,0.18,0.19,0.56,-1.96,-21.3,-0.08,0.7,-0.2,0.59,0.58,0.59,0.29,-0.28,-0.06,-1.8,0.16,0.04,,,,,,,,,,,,,,,,,,,,,,,,,,,,
Cape Point,0.57,0.22,0.17,-0.59,-0.8,-0.82,-1.41,0.49,0.1,-0.83,-0.78,-0.02,-3.42,-18.06,-0.85,0.36,-1.51,0.55,0.17,0.19,-0.7,-0.85,0.02,-3.63,-0.74,-0.45,,,,,,,,,,,,,,,,,,,,,,,,,,,,
