MBE,,,,,,,,,,,,,,,,,,,,,,,,,,,,,,,,,,,,,,,,,,,,,,,,,,,,,,,,,,,,,,,,,,,,,,,,,,,,
,,,,,,,,,,,,,,,,,,,,,,,,,,,,,,,,,,,,,,,,,,,,,,,,,,,,,,,,,,,,,,,,,,,,,,,,,,,,
Station/Model,Site2,Climate2,National2,SS,IP,BD,BigaRosa,Brichambaut,Schulze,Haurwitz,HaurwitzM,BDM,KC,KCM,ABCG,ABCGM,RS,DPP,YangWalsh,Sharma,ElMghouchi,HLJ,FuRich,TJ,McClear,Kasten,Kumar,Campbell,Samimi,WMO1,WMO2,BdD,PdBV,Site1,Climate1,National1,ESRA,,,,,,,,,,,,,,,,,,,,,,,,,,,,,,,,,,,,,,,
Alexandra Bay,7.758,-11.454,8.436,-12.973,-48.35,-54.767,-33.565,-30.926,8.715,-24.676,0.758,3.908,-119.358,8.194,-95.084,1.41,-36.61,60.303,-70.488,-24.392,-55.152,-76.695,-201.533,-9.495,21.098,-31.241,8.759,-40.559,-53.361,-23.744,-39.405,-99.082,6.856,7.87,20.568,8.698,-37.014,,,,,,,,,,,,,,,,,,,,,,,,,,,,,,,,,,,,,,,
Upington,-2.567,-41.65,-23.75,-41.334,-45.186,-77.824,-60.456,-59.267,-20.757,-51.191,-28.456,-20.965,-137.856,-19.979,-116.879,-28.908,-61.298,23.813,-99.719,-54.958,-84.26,-65.291,-196.199,-43.427,-0.631,-25.217,-26.244,-73.446,-51.178,-56.539,-55.059,-121.979,-24.916,-2.72,-11.418,-22.54,-56.628,,,,,,,,,,,,,,,,,,,,,,,,,,,,,,,,,,,,,,,
De Aar,-2.593,-6.195,-27.488,-43.642,-21.039,-79.995,-65.659,-65.072,-25.55,-55.28,-33.037,-24.624,-140.61,-24.107,-121.101,-34.91,-65.247,16.983,-104.776,-60.204,-87.684,-50.211,-183.914,-46.42,4.645,-13.894,-32.008,-79.297,-34.656,-61.481,-52.141,-125.358,-29.369,-2.163,-5.663,-26.719,-53.305,,,,,,,,,,,,,,,,,,,,,,,,,,,,,,,,,,,,,,,
Bethlehem,6.464,12.582,-8.079,-23.41,38.41,-59.958,-39.736,-40.132,1.755,-27.325,-5.674,3.783,-111.004,3.679,-93.778,-10.18,-36.059,41.307,-86.319,-42.416,-69.169,-17.333,-151.334,-33.369,26.99,19.853,-15.556,-61.722,2.175,-43.138,7.444,-96.579,-11.519,6.086,11.924,-8.451,0.807,,,,,,,,,,,,,,,,,,,,,,,,,,,,,,,,,,,,,,,
Mahikeng,-0.409,-9.375,-5.867,-21.847,12.459,-61.647,-38.634,-37.466,2.827,-28.337,-4.921,1.536,-117.091,3.421,-96.187,-6.473,-38.305,48.228,-83.211,-38.525,-68.349,-28.004,-158.087,-30.244,19.736,11.113,-8.975,-56.232,-11.364,-38.959,-7.885,-100.016,-8.076,-0.114,-8.942,-5.662,-15.399,,,,,,,,,,,,,,,,,,,,,,,,,,,,,,,,,,,,,,,
Irene,-11.382,-1.261,2.254,-13.378,35.827,-54.429,-28.771,-27.941,14.085,-17.205,6.386,12.655,-106.58,14.854,-86.508,3.345,-27.057,59.036,-76.693,-32.09,-61.128,-11.758,-142.589,-24.677,7.547,24.779,-2.334,-49.572,7.513,-31.624,7.956,-89.085,-1.03,-10.897,-1.731,1.551,-1.759,,,,,,,,,,,,,,,,,,,,,,,,,,,,,,,,,,,,,,,
Pretoria,1.668,9.277,12.902,-3.125,40.874,-46.013,-19.316,-17.938,24.138,-8.144,16.306,21.155,-100.033,24.366,-78.683,13.933,-18.476,71.521,-66.531,-21.478,-51.341,-5.082,-135.463,-13.497,14.163,32.974,9.591,-38.208,13.729,-20.522,16.902,-81.19,9.689,1.67,8.695,12.063,7.723,,,,,,,,,,,,,,,,,,,,,,,,,,,,,,,,,,,,,,,
Thohoyandou,-4.35,-2.456,17.304,-2.256,-5.162,-45.646,-16.751,-14.447,27.032,-6.615,19.022,21.89,-101.953,26.475,-78.445,18.176,-17.906,78.254,-62.291,-16.581,-48.16,-37.598,-169.026,-8.142,19.624,11.425,16.37,-32.282,-19.948,-15.178,1.459,-81.278,14.605,-4.205,-2.465,16.605,-6.452,,,,,,,,,,,,,,,,,,,,,,,,,,,,,,,,,,,,,,,
Nelspruit,-0.705,-2.271,15.851,-3.435,8.244,-39.615,-14.225,-13.616,28.923,-2.238,21.21,27.714,-91.2,29.748,-71.618,17.606,-11.5,72.998,-63.147,-18.724,-47.985,-25.929,-164.718,-12.412,23.2,20.823,10.705,-36.26,-11.973,-18.216,8.403,-73.927,12.229,-0.965,-2.424,14.908,-2.168,,,,,,,,,,,,,,,,,,,,,,,,,,,,,,,,,,,,,,,
Durban,2.529,17.999,36.317,13.108,8.042,-25.454,-1.248,0.437,43.164,10.047,35.218,38.897,-83.976,42.98,-61.917,32.848,-0.868,92.764,-44.64,1.236,-28.636,-53.186,-184.954,12.72,22.729,13.173,33.618,-14.822,-30.013,2.898,26.171,-63.971,32.793,2.357,17.493,35.052,21.279,,,,,,,,,,,,,,,,,,,,,,,,,,,,,,,,,,,,,,,
Mthatha,14.288,-1.536,15.384,-5.426,17.721,-32.83,-17.449,-18.434,24.357,-4.048,17.06,27.471,-86.204,26.791,-70.386,11.245,-12.81,62.325,-63.963,-20.049,-45.205,-32.982,-180.209,-9.537,26.81,24.85,6.087,-39.86,-21.712,-20.606,21.497,-72.547,11.316,14.414,-1.207,14.628,15.408,,,,,,,,,,,,,,,,,,,,,,,,,,,,,,,,,,,,,,,
George,-1.9,1.299,6.674,-15.715,-29.556,-49.365,-34.543,-33.674,7.369,-23.523,-0.254,6.525,-111.93,8.321,-91.787,-2.681,-33.757,51.923,-72.649,-27.521,-54.79,-74.321,-208.816,-11.472,13.772,-17.01,2.304,-45.628,-55.096,-27.538,-20.371,-94.974,3.939,-1.837,1.284,6.511,-19.784,,,,,,,,,,,,,,,,,,,,,,,,,,,,,,,,,,,,,,,
Stellenboch,-0.472,6.335,12.395,-9.293,-22.715,-51.758,-34.914,-32.188,7.468,-26.07,-0.493,2.43,-121.18,6.894,-96.712,0.252,-37.96,59.069,-67.099,-20.773,-50.43,-75.105,-200.441,-1.314,11.296,-14.499,12.865,-36.941,-57.296,-19.993,-15.033,-100.666,10.799,-0.048,6.512,12.622,-9.997,,,,,,,,,,,,,,,,,,,,,,,,,,,,,,,,,,,,,,,
Cape Point,-1.064,-41.508,-36.743,-58.846,-61.863,-85.31,-72.554,-72.635,-33.469,-61.926,-40.868,-30.558,-143.73,-31.497,-125.732,-43.337,-70.783,5.589,-112.592,-68.774,-95.171,-120.611,-251.863,-56.265,-35.291,-57.564,-42.54,-88.784,-103.005,-70.96,-49.03,-130.419,-38.549,-0.514,-40.27,-35.661,-51.88,,,,,,,,,,,,,,,,,,,,,,,,,,,,,,,,,,,,,,,
,,,,,,,,,,,,,,,,,,,,,,,,,,,,,,,,,,,,,,,,,,,,,,,,,,,,,,,,,,,,,,,,,,,,,,,,,,,,
,,,,,,,,,,,,,,,,,,,,,,,,,,,,,,,,,,,,,,,,,,,,,,,,,,,,,,,,,,,,,,,,,,,,,,,,,,,,
rMBE,,,,,,,,,,,,,,,,,,,,,,,,,,,,,,,,,,,,,,,rMBE,,,,,,,,,,,,,,,,,,,,,,,,,,,,,,,,,,,,,
Station/Model,Site2,Climate2,National2,SS,IP,BD,BigaRosa,Brichambaut,Schulze,Haurwitz,HaurwitzM,BDM,KC,KCM,ABCG,ABCGM,RS,DPP,YangWalsh,Sharma,ElMghouchi,HLJ,FuRich,TJ,McClear,Kasten,Kumar,Campbell,Samimi,WMO1,WMO2,BdD,PdBV,Site1,Climate1,National1,ESRA,,Station/Model,Site2,Climate2,National2,SS,IP,BD,BigaRosa,Brichambaut,Schulze,Haurwitz,HaurwitzM,BDM,KC,KCM,ABCG,ABCGM,RS,DPP,YangWalsh,Sharma,ElMghouchi,HLJ,FuRich,TJ,McClear,Kasten,Kumar,Campbell,Samimi,WMO1,WMO2,BdD,PdBV,Site1,Climate1,National1,ESRA
Alexandra Bay,1.122,-1.657,1.22,-1.877,-6.994,-7.922,-4.855,-4.474,1.261,-3.57,0.11,0.565,-17.266,1.185,-13.755,0.204,-5.296,8.723,-10.197,-3.528,-7.978,-11.094,-29.153,-1.373,3.052,-4.519,1.267,-5.867,-7.719,-3.435,-5.7,-14.333,0.992,1.139,2.975,1.258,-5.354,,Alexandra Bay,1.122,1.657,1.22,1.877,6.994,7.922,4.855,4.474,1.261,3.57,0.11,0.565,17.266,1.185,13.755,0.204,5.296,8.723,10.197,3.528,7.978,11.094,29.153,1.373,3.052,4.519,1.267,5.867,7.719,3.435,5.7,14.333,0.992,1.139,2.975,1.258,5.354
Upington,-0.384,-6.229,-3.552,-6.182,-6.758,-11.639,-9.042,-8.864,-3.104,-7.656,-4.256,-3.136,-20.617,-2.988,-17.48,-4.323,-9.168,3.561,-14.914,-8.219,-12.602,-9.765,-29.343,-6.495,-0.094,-3.771,-3.925,-10.984,-7.654,-8.456,-8.234,-18.243,-3.726,-0.407,-1.708,-3.371,-8.469,,Upington,0.384,6.229,3.552,6.182,6.758,11.639,9.042,8.864,3.104,7.656,4.256,3.136,20.617,2.988,17.48,4.323,9.168,3.561,14.914,8.219,12.602,9.765,29.343,6.495,0.094,3.771,3.925,10.984,7.654,8.456,8.234,18.243,3.726,0.407,1.708,3.371,8.469
De Aar,-0.39,-0.931,-4.13,-6.557,-3.161,-12.019,-9.865,-9.777,-3.839,-8.306,-4.964,-3.7,-21.127,-3.622,-18.196,-5.245,-9.803,2.552,-15.743,-9.046,-13.175,-7.544,-27.633,-6.975,0.698,-2.088,-4.809,-11.914,-5.207,-9.238,-7.834,-18.835,-4.413,-0.325,-0.851,-4.015,-8.009,,De Aar,0.39,0.931,4.13,6.557,3.161,12.019,9.865,9.777,3.839,8.306,4.964,3.7,21.127,3.622,18.196,5.245,9.803,2.552,15.743,9.046,13.175,7.544,27.633,6.975,0.698,2.088,4.809,11.914,5.207,9.238,7.834,18.835,4.413,0.325,0.851,4.015,8.009
Bethlehem,1.029,2.003,-1.286,-3.727,6.114,-9.544,-6.325,-6.388,0.279,-4.35,-0.903,0.602,-17.67,0.586,-14.928,-1.621,-5.74,6.575,-13.74,-6.752,-11.01,-2.759,-24.09,-5.312,4.296,3.16,-2.476,-9.825,0.346,-6.867,1.185,-15.374,-1.834,0.969,1.898,-1.345,0.129,,Bethlehem,1.029,2.003,1.286,3.727,6.114,9.544,6.325,6.388,0.279,4.35,0.903,0.602,17.67,0.586,14.928,1.621,5.74,6.575,13.74,6.752,11.01,2.759,24.09,5.312,4.296,3.16,2.476,9.825,0.346,6.867,1.185,15.374,1.834,0.969,1.898,1.345,0.129
Mahikeng,-0.062,-1.422,-0.89,-3.315,1.89,-9.353,-5.862,-5.684,0.429,-4.299,-0.747,0.233,-17.766,0.519,-14.594,-0.982,-5.812,7.317,-12.625,-5.845,-10.37,-4.249,-23.986,-4.589,2.994,1.686,-1.362,-8.532,-1.724,-5.911,-1.196,-15.175,-1.225,-0.017,-1.357,-0.859,-2.336,,Mahikeng,0.062,1.422,0.89,3.315,1.89,9.353,5.862,5.684,0.429,4.299,0.747,0.233,17.766,0.519,14.594,0.982,5.812,7.317,12.625,5.845,10.37,4.249,23.986,4.589,2.994,1.686,1.362,8.532,1.724,5.911,1.196,15.175,1.225,0.017,1.357,0.859,2.336
Irene,-1.744,-0.193,0.345,-2.05,5.491,-8.342,-4.409,-4.282,2.159,-2.637,0.979,1.939,-16.334,2.277,-13.258,0.513,-4.147,9.048,-11.754,-4.918,-9.368,-1.802,-21.853,-3.782,1.157,3.798,-0.358,-7.597,1.151,-4.847,1.219,-13.653,-0.158,-1.67,-0.265,0.238,-0.27,,Irene,1.744,0.193,0.345,2.05,5.491,8.342,4.409,4.282,2.159,2.637,0.979,1.939,16.334,2.277,13.258,0.513,4.147,9.048,11.754,4.918,9.368,1.802,21.853,3.782,1.157,3.798,0.358,7.597,1.151,4.847,1.219,13.653,0.158,1.67,0.265,0.238,0.27
Pretoria,0.253,1.409,1.959,-0.475,6.207,-6.987,-2.933,-2.724,3.665,-1.237,2.476,3.212,-15.19,3.7,-11.948,2.116,-2.806,10.86,-10.103,-3.261,-7.796,-0.772,-20.57,-2.049,2.151,5.007,1.456,-5.802,2.085,-3.116,2.567,-12.329,1.471,0.254,1.32,1.832,1.173,,Pretoria,0.253,1.409,1.959,0.475,6.207,6.987,2.933,2.724,3.665,1.237,2.476,3.212,15.19,3.7,11.948,2.116,2.806,10.86,10.103,3.261,7.796,0.772,20.57,2.049,2.151,5.007,1.456,5.802,2.085,3.116,2.567,12.329,1.471,0.254,1.32,1.832,1.173
Thohoyandou,-0.642,-0.362,2.554,-0.333,-0.762,-6.736,-2.472,-2.132,3.989,-0.976,2.807,3.23,-15.046,3.907,-11.577,2.682,-2.642,11.549,-9.193,-2.447,-7.107,-5.549,-24.945,-1.202,2.896,1.686,2.416,-4.764,-2.944,-2.24,0.215,-11.995,2.155,-0.621,-0.364,2.451,-0.952,,Thohoyandou,0.642,0.362,2.554,0.333,0.762,6.736,2.472,2.132,3.989,0.976,2.807,3.23,15.046,3.907,11.577,2.682,2.642,11.549,9.193,2.447,7.107,5.549,24.945,1.202,2.896,1.686,2.416,4.764,2.944,2.24,0.215,11.995,2.155,0.621,0.364,2.451,0.952
Nelspruit,-0.111,-0.358,2.496,-0.541,1.298,-6.238,-2.24,-2.144,4.554,-0.352,3.34,4.364,-14.361,4.684,-11.278,2.772,-1.811,11.495,-9.944,-2.948,-7.556,-4.083,-25.938,-1.954,3.653,3.279,1.686,-5.71,-1.885,-2.868,1.323,-11.641,1.926,-0.152,-0.382,2.348,-0.341,,Nelspruit,0.111,0.358,2.496,0.541,1.298,6.238,2.24,2.144,4.554,0.352,3.34,4.364,14.361,4.684,11.278,2.772,1.811,11.495,9.944,2.948,7.556,4.083,25.938,1.954,3.653,3.279,1.686,5.71,1.885,2.868,1.323,11.641,1.926,0.152,0.382,2.348,0.341
Durban,0.387,2.755,5.558,2.006,1.231,-3.896,-0.191,0.067,6.606,1.538,5.39,5.953,-12.853,6.578,-9.477,5.028,-0.133,14.198,-6.832,0.189,-4.383,-8.14,-28.308,1.947,3.479,2.016,5.145,-2.269,-4.594,0.444,4.006,-9.791,5.019,0.361,2.677,5.365,3.257,,Durban,0.387,2.755,5.558,2.006,1.231,3.896,0.191,0.067,6.606,1.538,5.39,5.953,12.853,6.578,9.477,5.028,0.133,14.198,6.832,0.189,4.383,8.14,28.308,1.947,3.479,2.016,5.145,2.269,4.594,0.444,4.006,9.791,5.019,0.361,2.677,5.365,3.257
Mthatha,2.396,-0.258,2.58,-0.91,2.972,-5.506,-2.927,-3.092,4.085,-0.679,2.861,4.607,-14.458,4.493,-11.805,1.886,-2.149,10.453,-10.728,-3.363,-7.582,-5.532,-30.225,-1.599,4.497,4.168,1.021,-6.685,-3.642,-3.456,3.605,-12.168,1.898,2.417,-0.202,2.453,2.584,,Mthatha,2.396,0.258,2.58,0.91,2.972,5.506,2.927,3.092,4.085,0.679,2.861,4.607,14.458,4.493,11.805,1.886,2.149,10.453,10.728,3.363,7.582,5.532,30.225,1.599,4.497,4.168,1.021,6.685,3.642,3.456,3.605,12.168,1.898,2.417,0.202,2.453,2.584
George,-0.291,0.199,1.022,-2.407,-4.528,-7.562,-5.291,-5.158,1.129,-3.603,-0.039,0.999,-17.146,1.275,-14.06,-0.411,-5.171,7.954,-11.129,-4.216,-8.393,-11.385,-31.987,-1.757,2.11,-2.606,0.353,-6.989,-8.44,-4.218,-3.121,-14.548,0.603,-0.281,0.197,0.997,-3.031,,George,0.291,0.199,1.022,2.407,4.528,7.562,5.291,5.158,1.129,3.603,0.039,0.999,17.146,1.275,14.06,0.411,5.171,7.954,11.129,4.216,8.393,11.385,31.987,1.757,2.11,2.606,0.353,6.989,8.44,4.218,3.121,14.548,0.603,0.281,0.197,0.997,3.031
Stellenboch,-0.068,0.911,1.783,-1.336,-3.267,-7.444,-5.021,-4.629,1.074,-3.749,-0.071,0.349,-17.428,0.991,-13.909,0.036,-5.459,8.495,-9.65,-2.987,-7.253,-10.801,-28.827,-0.189,1.625,-2.085,1.85,-5.313,-8.24,-2.875,-2.162,-14.478,1.553,-0.007,0.937,1.815,-1.438,,Stellenboch,0.068,0.911,1.783,1.336,3.267,7.444,5.021,4.629,1.074,3.749,0.071,0.349,17.428,0.991,13.909,0.036,5.459,8.495,9.65,2.987,7.253,10.801,28.827,0.189,1.625,2.085,1.85,5.313,8.24,2.875,2.162,14.478,1.553,0.007,0.937,1.815,1.438
Cape Point,-0.164,-6.381,-5.648,-9.046,-9.51,-13.114,-11.153,-11.166,-5.145,-9.519,-6.282,-4.697,-22.095,-4.842,-19.328,-6.662,-10.881,0.859,-17.308,-10.572,-14.63,-18.541,-38.717,-8.649,-5.425,-8.849,-6.539,-13.648,-15.834,-10.908,-7.537,-20.049,-5.926,-0.079,-6.19,-5.482,-7.975,,Cape Point,0.164,6.381,5.648,9.046,9.51,13.114,11.153,11.166,5.145,9.519,6.282,4.697,22.095,4.842,19.328,6.662,10.881,0.859,17.308,10.572,14.63,18.541,38.717,8.649,5.425,8.849,6.539,13.648,15.834,10.908,7.537,20.049,5.926,0.079,6.19,5.482,7.975
,,,,,,,,,,,,,,,,,,,,,,,,,,,,,,,,,,,,,,,,,,,,,,,,,,,,,,,,,,,,,,,,,,,,,,,,,,,,
,,,,,,,,,,,,,,,,,,,,,,,,,,,,,,,,,,,,,,,,1,2,3,3,4,8,5,5,3,4,3,3,17,3,14,2,5,8,12,5,9,7,28,3,3,3,2,8,5,5,4,14,2,1,2,2,3
,,,,,,,,,,,,,,,,,,,,,,,,,,,,,,,,,,,,,,,,,,,,,,,,,,,,,,,,,,,,,,,,,,,,,,,,,,,,
MAE,,,,,,,,,,,,,,,,,,,,,,,,,,,,,,,,,,,,,,,,,,,,,,,,,,,,,,,,,,,,,,,,,,,,,,,,,,,,
Station/Model,Site2,Climate2,National2,SS,IP,BD,BigaRosa,Brichambaut,Schulze,Haurwitz,HaurwitzM,BDM,KC,KCM,ABCG,ABCGM,RS,DPP,YangWalsh,Sharma,ElMghouchi,HLJ,FuRich,TJ,McClear,Kasten,Kumar,Campbell,Samimi,WMO1,WMO2,BdD,PdBV,Site1,Climate1,National1,ESRA,,,,,,,,,,,,,,,,,,,,,,,,,,,,,,,,,,,,,,,
Alexandra Bay,16.435,19.047,16.566,19.891,49.093,57.911,35.227,32.715,20.203,30.625,19.111,32.228,119.358,23.943,95.116,16.004,40.24,61.776,70.832,27.643,55.547,76.909,201.533,22.039,22.382,32.883,26.386,42.956,54.142,28.042,42.042,99.099,16.271,16.281,23.223,16.505,38.257,,,,,,,,,,,,,,,,,,,,,,,,,,,,,,,,,,,,,,,
Upington,22.862,44.567,31.045,43.217,46.975,79.557,61.178,59.969,31.601,53.782,35.862,39.899,137.856,33.354,116.889,33.402,62.995,39.684,99.779,55.62,84.396,65.699,196.199,46.435,21.134,32.698,34.701,73.817,52.61,57.325,57.518,121.987,30.721,21.796,24.087,29.57,57.572,,,,,,,,,,,,,,,,,,,,,,,,,,,,,,,,,,,,,,,
De Aar,13.153,14.228,29.561,44.564,25.34,81.37,66.129,65.627,30.319,56.385,36.197,41.189,140.61,31.676,121.101,36.947,65.959,25.893,104.776,60.622,87.726,50.943,183.914,47.077,9.971,21.667,35.074,79.493,36.741,61.982,54.791,125.358,31.035,13.343,14.307,29,54.428,,,,,,,,,,,,,,,,,,,,,,,,,,,,,,,,,,,,,,,
Bethlehem,17.08,19.02,18.19,26.713,40.156,62.774,40.777,41.095,18.693,31.637,19.249,30.001,111.004,22.401,93.778,17.729,38.79,45.055,86.356,43.265,69.237,22.525,151.611,36.611,29.336,24.588,25.481,62.223,20.185,44.175,23.46,96.58,19.227,17.001,18.652,18.388,17.069,,,,,,,,,,,,,,,,,,,,,,,,,,,,,,,,,,,,,,,
Mahikeng,24.117,25.982,25.148,32.163,28.046,64.481,42.043,41.122,25.149,36.111,25.612,31.923,117.091,26.477,96.284,24.668,43.552,55.461,83.619,42.958,69.059,35.507,158.599,39.998,27.336,24.835,32.801,59.245,32.368,44.2,25.138,100.096,25.976,23.866,25.549,24.767,28.671,,,,,,,,,,,,,,,,,,,,,,,,,,,,,,,,,,,,,,,
Irene,24.811,22.148,21.889,26.4,37.534,58.46,33.215,32.967,25.066,28.01,23.138,33.363,106.58,27.979,86.509,20.961,33.961,60.095,76.767,36.985,61.595,25.698,143.258,35.327,17.27,30.313,27.955,52.21,26.404,37.562,21.164,89.087,22.325,24.56,22.354,22.062,20.512,,,,,,,,,,,,,,,,,,,,,,,,,,,,,,,,,,,,,,,
Pretoria,20.927,22.198,23.284,20.957,42.645,50.592,28.786,28.007,33.788,28.586,30.153,40.24,100.033,36.342,78.729,25.997,32.369,72.701,67.176,29.379,52.481,21.37,136.397,25.962,20.962,36.799,25.792,43.491,26.025,29.655,28.928,81.225,21.639,20.779,21.721,22.723,21.95,,,,,,,,,,,,,,,,,,,,,,,,,,,,,,,,,,,,,,,
Thohoyandou,17.573,17.965,21.814,18.271,16.622,49.932,24.976,23.822,31.528,24.304,26.869,36.215,101.953,33.572,78.518,23.821,29.501,78.513,63.314,24.102,49.303,39.776,169.214,23.536,22.674,18.906,27.341,37.579,29.347,24.335,19.637,81.314,20.926,17.773,17.978,21.783,17.437,,,,,,,,,,,,,,,,,,,,,,,,,,,,,,,,,,,,,,,
Nelspruit,19.237,19.197,22.979,20.983,21.601,44.021,22.879,22.935,32.57,21.676,27.458,35.596,91.2,33.809,71.656,25.406,24.464,74.713,63.834,26.689,49.13,30.808,164.786,26.448,28.502,25.459,27.946,41.163,27.812,27.743,21.175,73.962,21.647,19.005,18.966,22.188,21.112,,,,,,,,,,,,,,,,,,,,,,,,,,,,,,,,,,,,,,,
Durban,15.043,21.721,36.945,18.968,16.662,34.194,18.868,16.314,44.375,27.21,37.914,47.407,83.976,45.826,62.23,33.718,28.86,92.833,45.448,15.675,30.166,53.731,184.954,22.203,24.118,19.298,36.071,24.089,32.693,16.99,29.403,64.228,33.72,14.667,21.307,35.771,24.036,,,,,,,,,,,,,,,,,,,,,,,,,,,,,,,,,,,,,,,
Mthatha,19.069,15.215,19.413,18.407,21.792,37.525,22.455,23.367,26.377,19.022,21.398,34.841,86.204,29.755,70.494,17.789,22.95,63.289,64.367,25.834,45.858,35.028,180.234,23.887,27.641,26.214,25.714,43.987,31.01,27.576,28.947,72.64,18.219,19.167,15.162,19.139,21.773,,,,,,,,,,,,,,,,,,,,,,,,,,,,,,,,,,,,,,,
George,11.427,12.095,12.864,18.111,30.69,52.304,35.043,33.869,18.715,28.296,17.749,32.504,111.93,23.747,91.787,12.151,36.488,53.746,72.65,27.942,54.791,74.321,208.816,19.2,16.732,20.208,21.45,45.858,55.128,28.373,28.622,94.974,11.887,11.389,12.009,12.547,22.341,,,,,,,,,,,,,,,,,,,,,,,,,,,,,,,,,,,,,,,
Stellenboch,13.6,14.323,16.57,17.386,25.445,55.178,35.946,33.502,17.641,30.334,17.014,31.533,121.18,22.223,96.712,14.018,40.432,59.652,67.302,24.575,50.804,75.173,200.441,19.978,15.63,18.902,27.589,39.905,57.947,25.045,23.814,100.666,16.624,13.772,14.553,16.97,16.557,,,,,,,,,,,,,,,,,,,,,,,,,,,,,,,,,,,,,,,
Cape Point,22.268,44.48,40.468,59.797,62.756,86.4,73.038,73.114,36.455,62.897,43.002,41.834,143.73,36.02,125.732,44.799,71.485,26.721,112.592,69.21,95.245,120.611,251.863,58.556,37.173,58.624,46.409,88.965,103.026,71.489,50.528,130.42,41.513,22.37,43.232,39.261,53.243,,,,,,,,,,,,,,,,,,,,,,,,,,,,,,,,,,,,,,,
,,,,,,,,,,,,,,,,,,,,,,,,,,,,,,,,,,,,,,,,,,,,,,,,,,,,,,,,,,,,,,,,,,,,,,,,,,,,
,,,,,,,,,,,,,,,,,,,,,,,,,,,,,,,,,,,,,,,,,,,,,,,,,,,,,,,,,,,,,,,,,,,,,,,,,,,,
,,,,,,,,,,,,,,,,,,,,,,,,,,,,,,,,,,,,,,,,,,,,,,,,,,,,,,,,,,,,,,,,,,,,,,,,,,,,
rMAE,,,,,,,,,,,,,,,,,,,,,,,,,,,,,,,,,,,,,,,,,,,,,,,,,,,,,,,,,,,,,,,,,,,,,,,,,,,,
Station/Model,Site2,Climate2,National2,SS,IP,BD,BigaRosa,Brichambaut,Schulze,Haurwitz,HaurwitzM,BDM,KC,KCM,ABCG,ABCGM,RS,DPP,YangWalsh,Sharma,ElMghouchi,HLJ,FuRich,TJ,McClear,Kasten,Kumar,Campbell,Samimi,WMO1,WMO2,BdD,PdBV,Site1,Climate1,National1,ESRA,,,,,,,,,,,,,,,,,,,,,,,,,,,,,,,,,,,,,,,
Alexandra Bay,2.377,2.755,2.396,2.877,7.102,8.377,5.096,4.732,2.922,4.43,2.765,4.662,17.266,3.464,13.759,2.315,5.821,8.936,10.246,3.999,8.035,11.126,29.153,3.188,3.238,4.757,3.817,6.214,7.832,4.056,6.082,14.335,2.354,2.355,3.359,2.388,5.534,,,,,,,,,,,,,,,,,,,,,,,,,,,,,,,,,,,,,,,
Upington,3.419,6.665,4.643,6.463,7.025,11.898,9.15,8.969,4.726,8.043,5.363,5.967,20.617,4.988,17.482,4.995,9.421,5.935,14.923,8.318,12.622,9.826,29.343,6.945,3.161,4.89,5.19,11.04,7.868,8.573,8.602,18.244,4.595,3.26,3.602,4.422,8.61,,,,,,,,,,,,,,,,,,,,,,,,,,,,,,,,,,,,,,,
De Aar,1.976,2.138,4.442,6.696,3.807,12.226,9.936,9.86,4.556,8.472,5.439,6.189,21.127,4.759,18.196,5.551,9.91,3.89,15.743,9.108,13.181,7.654,27.633,7.073,1.498,3.255,5.27,11.944,5.52,9.313,8.232,18.835,4.663,2.005,2.15,4.357,8.178,,,,,,,,,,,,,,,,,,,,,,,,,,,,,,,,,,,,,,,
Bethlehem,2.719,3.028,2.896,4.252,6.392,9.993,6.491,6.542,2.976,5.036,3.064,4.776,17.67,3.566,14.928,2.822,6.175,7.172,13.746,6.887,11.021,3.586,24.134,5.828,4.67,3.914,4.056,9.905,3.213,7.032,3.734,15.374,3.061,2.706,2.969,2.927,2.717,,,,,,,,,,,,,,,,,,,,,,,,,,,,,,,,,,,,,,,
Mahikeng,3.659,3.942,3.816,4.88,4.255,9.783,6.379,6.239,3.816,5.479,3.886,4.844,17.766,4.017,14.609,3.743,6.608,8.415,12.687,6.518,10.478,5.387,24.064,6.069,4.148,3.768,4.977,8.989,4.911,6.706,3.814,15.187,3.941,3.621,3.876,3.758,4.35,,,,,,,,,,,,,,,,,,,,,,,,,,,,,,,,,,,,,,,
Irene,3.803,3.394,3.355,4.046,5.752,8.96,5.09,5.053,3.842,4.293,3.546,5.113,16.334,4.288,13.258,3.212,5.205,9.21,11.765,5.668,9.44,3.938,21.956,5.414,2.647,4.646,4.284,8.002,4.047,5.757,3.244,13.653,3.421,3.764,3.426,3.381,3.144,,,,,,,,,,,,,,,,,,,,,,,,,,,,,,,,,,,,,,,
Pretoria,3.178,3.371,3.536,3.182,6.476,7.682,4.371,4.253,5.131,4.341,4.579,6.11,15.19,5.518,11.955,3.948,4.915,11.04,10.201,4.461,7.969,3.245,20.712,3.942,3.183,5.588,3.916,6.604,3.952,4.503,4.393,12.334,3.286,3.155,3.298,3.45,3.333,,,,,,,,,,,,,,,,,,,,,,,,,,,,,,,,,,,,,,,
Thohoyandou,2.593,2.651,3.219,2.696,2.453,7.369,3.686,3.516,4.653,3.587,3.965,5.345,15.046,4.954,11.588,3.515,4.354,11.587,9.344,3.557,7.276,5.87,24.972,3.473,3.346,2.79,4.035,5.546,4.331,3.591,2.898,12,3.088,2.623,2.653,3.215,2.573,,,,,,,,,,,,,,,,,,,,,,,,,,,,,,,,,,,,,,,
Nelspruit,3.029,3.023,3.618,3.304,3.402,6.932,3.603,3.612,5.129,3.413,4.324,5.605,14.361,5.324,11.284,4.001,3.852,11.765,10.052,4.203,7.736,4.851,25.949,4.165,4.488,4.009,4.401,6.482,4.38,4.369,3.334,11.647,3.409,2.993,2.987,3.494,3.324,,,,,,,,,,,,,,,,,,,,,,,,,,,,,,,,,,,,,,,
Durban,2.302,3.324,5.654,2.903,2.55,5.233,2.888,2.497,6.792,4.165,5.803,7.256,12.853,7.014,9.524,5.161,4.417,14.208,6.956,2.399,4.617,8.224,28.308,3.398,3.691,2.954,5.521,3.687,5.004,2.6,4.5,9.83,5.161,2.245,3.261,5.475,3.679,,,,,,,,,,,,,,,,,,,,,,,,,,,,,,,,,,,,,,,
Mthatha,3.198,2.552,3.256,3.087,3.655,6.294,3.766,3.919,4.424,3.19,3.589,5.844,14.458,4.991,11.823,2.984,3.849,10.615,10.796,4.333,7.691,5.875,30.229,4.006,4.636,4.397,4.313,7.377,5.201,4.625,4.855,12.183,3.056,3.215,2.543,3.21,3.652,,,,,,,,,,,,,,,,,,,,,,,,,,,,,,,,,,,,,,,
George,1.75,1.853,1.971,2.774,4.701,8.012,5.368,5.188,2.867,4.335,2.719,4.979,17.146,3.638,14.06,1.861,5.589,8.233,11.129,4.28,8.393,11.385,31.987,2.941,2.563,3.096,3.286,7.025,8.445,4.346,4.384,14.548,1.821,1.745,1.84,1.922,3.422,,,,,,,,,,,,,,,,,,,,,,,,,,,,,,,,,,,,,,,
Stellenboch,1.956,2.06,2.383,2.5,3.659,7.936,5.17,4.818,2.537,4.363,2.447,4.535,17.428,3.196,13.909,2.016,5.815,8.579,9.679,3.534,7.307,10.811,28.827,2.873,2.248,2.718,3.968,5.739,8.334,3.602,3.425,14.478,2.391,1.981,2.093,2.441,2.381,,,,,,,,,,,,,,,,,,,,,,,,,,,,,,,,,,,,,,,
Cape Point,3.423,6.838,6.221,9.192,9.647,13.282,11.228,11.239,5.604,9.669,6.61,6.431,22.095,5.537,19.328,6.887,10.989,4.108,17.308,10.639,14.641,18.541,38.717,9.001,5.714,9.012,7.134,13.676,15.837,10.99,7.767,20.049,6.381,3.439,6.646,6.035,8.185,,,,,,,,,,,,,,,,,,,,,,,,,,,,,,,,,,,,,,,
,,,,,,,,,,,,,,,,,,,,,,,,,,,,,,,,,,,,,,,,,,,,,,,,,,,,,,,,,,,,,,,,,,,,,,,,,,,,
,3,3,4,4,5,9,6,6,4,5,4,6,17,5,14,4,6,9,12,6,9,8,28,5,4,4,5,8,6,6,5,14,4,3,3,4,5,,,,,,,,,,,,,,,,,,,,,,,,,,,,,,,,,,,,,,,
,,,,,,,,,,,,,,,,,,,,,,,,,,,,,,,,,,,,,,,,,,,,,,,,,,,,,,,,,,,,,,,,,,,,,,,,,,,,
RMSE,,,,,,,,,,,,,,,,,,,,,,,,,,,,,,,,,,,,,,,,,,,,,,,,,,,,,,,,,,,,,,,,,,,,,,,,,,,,
Station/Model,Site2,Climate2,National2,SS,IP,BD,BigaRosa,Brichambaut,Schulze,Haurwitz,HaurwitzM,BDM,KC,KCM,ABCG,ABCGM,RS,DPP,YangWalsh,Sharma,ElMghouchi,HLJ,FuRich,TJ,McClear,Kasten,Kumar,Campbell,Samimi,WMO1,WMO2,BdD,PdBV,Site1,Climate1,National1,ESRA,,,,,,,,,,,,,,,,,,,,,,,,,,,,,,,,,,,,,,,
Alexandra Bay,21.938,24.421,21.875,24.528,53.803,71.136,41.616,37.523,25.993,40.532,25.161,38.64,134.881,29.586,104.096,21.749,54.113,70.563,73.243,32.088,59.639,79.356,207.022,27.841,25.473,38.428,33.796,48.372,58.373,32.809,51.063,109.061,21.934,21.69,29.111,21.813,42.748,,,,,,,,,,,,,,,,,,,,,,,,,,,,,,,,,,,,,,,
Upington,27.999,52.03,36.758,49.263,54.566,96.612,70.167,66.878,39.958,66.325,45.048,52.814,156.653,43.173,129.176,40.974,78.879,46.666,103.93,61.487,90.414,70.926,202.966,52.597,25.135,39.82,41.435,78.722,58.804,62.666,69.791,134.193,36.677,27.093,29.309,35.544,65.355,,,,,,,,,,,,,,,,,,,,,,,,,,,,,,,,,,,,,,,
De Aar,17.923,18.861,34.42,47.511,29.637,98.62,73.721,70.451,39.274,68.877,45.381,54.415,159.752,43.24,133.198,41.566,81.532,33.405,107.455,63.603,92.492,53.727,190.395,51.309,13.778,28.303,38.93,81.486,40.226,63.996,65.547,137.597,35.344,18.076,18.962,34.11,60.091,,,,,,,,,,,,,,,,,,,,,,,,,,,,,,,,,,,,,,,
Bethlehem,22.666,25.401,23.342,31.461,45.207,80.071,47.258,45.639,24.467,41.561,25.734,37.035,125.633,28.258,102.793,22.992,51.102,52.252,89.084,47.375,74.106,27.237,159.702,42.129,32.513,30.242,30.312,65.61,26.931,48.022,28.751,105.812,24.171,22.153,24.571,23.283,22.747,,,,,,,,,,,,,,,,,,,,,,,,,,,,,,,,,,,,,,,
Mahikeng,30.677,31.962,31.268,38.23,36.083,78.15,49.791,48.075,31.859,45.319,32.306,39.681,131.741,33.519,105.841,31.853,55.57,66.299,88.697,49.592,75.552,41.689,169.732,46.377,34.139,32.376,40.167,66.016,39.393,50.638,32.017,109.777,32.216,30.664,31.79,31.127,35.122,,,,,,,,,,,,,,,,,,,,,,,,,,,,,,,,,,,,,,,
Irene,30.305,28.246,28.238,31.285,46.192,75.665,40.994,39.001,32.225,37.967,30.029,40.395,121.238,34.673,96.122,27.711,47.294,70.083,81.704,42.718,68.614,30.59,153.97,40.849,23.41,37.341,34.369,58.251,34.672,42.787,26.496,99.281,28.248,30.184,28.183,28.136,26.089,,,,,,,,,,,,,,,,,,,,,,,,,,,,,,,,,,,,,,,
Pretoria,28.485,29.839,31.073,28.468,49.98,65.411,38.436,36.238,41.448,38.741,37.698,46.912,116.4,43.261,90.276,34.834,46.534,82.407,72.273,35.434,59.581,28.712,147.348,32.223,27.077,43.336,35.637,49.143,36.061,35.56,35.477,93.684,29.715,28.213,29.302,30.436,28.146,,,,,,,,,,,,,,,,,,,,,,,,,,,,,,,,,,,,,,,
Thohoyandou,23.718,24.069,28.994,24.559,22.701,61.644,32.036,29.999,38.737,32.623,33.836,42.337,115.853,39.784,87.44,33.015,41.848,87.577,66.654,29.643,54.268,44.192,177.019,28.84,26.852,25.238,37.408,43.306,34.881,29.875,26.755,91.25,28.414,23.88,23.967,28.834,23.428,,,,,,,,,,,,,,,,,,,,,,,,,,,,,,,,,,,,,,,
Nelspruit,24.819,24.689,30.012,26.679,27.305,54.384,29.109,28.986,39.549,28.282,34.193,41.688,102.847,40.31,79.206,32.966,33.52,83.978,67.901,32.084,54.21,36.093,172.415,31.854,34.157,31.812,36.699,47.445,33.786,33.437,26.379,81.949,28.826,24.564,24.516,29.277,26.221,,,,,,,,,,,,,,,,,,,,,,,,,,,,,,,,,,,,,,,
Durban,20.025,26.81,41.413,24.549,21.244,45.617,24.664,21.742,50.047,33.081,43.715,53.279,100.443,51.659,72.656,39.422,37.804,97.698,48.768,20.919,35.521,56.69,189.907,28.394,27.446,24.013,45.403,29.429,37.829,22.419,34.953,76.448,38.818,19.697,26.215,40.308,29.435,,,,,,,,,,,,,,,,,,,,,,,,,,,,,,,,,,,,,,,
Mthatha,25.846,19.987,26.028,23.481,28.589,47.716,27.476,27.599,32.679,25.516,27.74,40.293,99.123,35.415,77.836,25.09,31.903,72.505,67.305,30.224,49.634,38.874,187.161,28.9,31.696,31.776,34.28,48.854,35.985,32.259,36.486,80.499,25.224,25.966,20.062,25.735,28.96,,,,,,,,,,,,,,,,,,,,,,,,,,,,,,,,,,,,,,,
George,15.248,15.774,16.648,21.749,36.336,65.851,41.13,37.748,22.637,38.662,22.388,37.954,127.922,27.73,100.901,16.112,50.319,59.744,74.063,31.267,57.96,75.986,212.676,23.809,18.946,25.879,26.867,49.946,57.895,32.262,35.288,104.976,15.556,14.689,15.264,16.003,26.917,,,,,,,,,,,,,,,,,,,,,,,,,,,,,,,,,,,,,,,
Stellenboch,18.003,19.165,21.988,21.674,29.798,67.817,41.316,37.12,22.238,39.634,21.8,36.739,136.092,26.516,105.048,18.826,52.983,68.143,69.525,28.671,54.596,77.312,206.143,25.208,20.143,23.871,35.283,45.244,61.498,29.521,28.951,109.936,22.405,18.118,19.233,22.341,20.808,,,,,,,,,,,,,,,,,,,,,,,,,,,,,,,,,,,,,,,
Cape Point,28.806,51.002,46.658,65.488,68.392,102.668,79.474,77.704,43.626,72.466,50.088,54.014,160.608,45.489,136.453,49.719,83.507,33.628,116.99,75.109,101.325,125.342,256.468,66.077,42.229,64.743,54.109,93.743,107.011,76.447,56.003,140.614,48.329,28.894,50.694,46.329,57.429,,,,,,,,,,,,,,,,,,,,,,,,,,,,,,,,,,,,,,,
,,,,,,,,,,,,,,,,,,,,,,,,,,,,,,,,,,,,,,,,,,,,,,,,,,,,,,,,,,,,,,,,,,,,,,,,,,,,
,,,,,,,,,,,,,,,,,,,,,,,,,,,,,,,,,,,,,,,,,,,,,,,,,,,,,,,,,,,,,,,,,,,,,,,,,,,,
rRMSE,,,,,,,,,,,,,,,,,,,,,,,,,,,,,,,,,,,,,,,,,,,,,,,,,,,,,,,,,,,,,,,,,,,,,,,,,,,,
Station/Model,Site2,Climate2,National2,SS,IP,BD,BigaRosa,Brichambaut,Schulze,Haurwitz,HaurwitzM,BDM,KC,KCM,ABCG,ABCGM,RS,DPP,YangWalsh,Sharma,ElMghouchi,HLJ,FuRich,TJ,McClear,Kasten,Kumar,Campbell,Samimi,WMO1,WMO2,BdD,PdBV,Site1,Climate1,National1,ESRA,,,,,,,,,,,,,,,,,,,,,,,,,,,,,,,,,,,,,,,
Alexandra Bay,3.174,3.533,3.164,3.548,7.783,10.29,6.02,5.428,3.76,5.863,3.64,5.59,19.512,4.28,15.058,3.146,7.828,10.208,10.595,4.642,8.627,11.479,29.947,4.027,3.685,5.559,4.889,6.997,8.444,4.746,7.387,15.777,3.173,3.138,4.211,3.155,6.184,,,,,,,,,,,,,,,,,,,,,,,,,,,,,,,,,,,,,,,
Upington,4.187,7.782,5.497,7.368,8.161,14.449,10.494,10.002,5.976,9.919,6.737,7.899,23.429,6.457,19.319,6.128,11.797,6.979,15.543,9.196,13.522,10.608,30.355,7.866,3.759,5.955,6.197,11.773,8.795,9.372,10.438,20.07,5.485,4.052,4.383,5.316,9.774,,,,,,,,,,,,,,,,,,,,,,,,,,,,,,,,,,,,,,,
De Aar,2.693,2.834,5.172,7.139,4.453,14.818,11.077,10.585,5.901,10.349,6.819,8.176,24.003,6.497,20.013,6.245,12.25,5.019,16.145,9.556,13.897,8.072,28.607,7.709,2.07,4.253,5.849,12.243,6.044,9.615,9.848,20.674,5.31,2.716,2.849,5.125,9.029,,,,,,,,,,,,,,,,,,,,,,,,,,,,,,,,,,,,,,,
Bethlehem,3.608,4.043,3.716,5.008,7.196,12.746,7.523,7.265,3.895,6.616,4.096,5.895,19.999,4.498,16.363,3.66,8.135,8.318,14.181,7.541,11.796,4.336,25.422,6.706,5.175,4.814,4.825,10.444,4.287,7.644,4.577,16.843,3.848,3.526,3.911,3.706,3.621,,,,,,,,,,,,,,,,,,,,,,,,,,,,,,,,,,,,,,,
Mahikeng,4.654,4.849,4.744,5.801,5.475,11.857,7.555,7.294,4.834,6.876,4.902,6.021,19.988,5.086,16.059,4.833,8.431,10.059,13.458,7.524,11.463,6.325,25.753,7.037,5.18,4.912,6.094,10.016,5.977,7.683,4.858,16.656,4.888,4.653,4.823,4.723,5.329,,,,,,,,,,,,,,,,,,,,,,,,,,,,,,,,,,,,,,,
Irene,4.644,4.329,4.328,4.795,7.079,11.596,6.283,5.977,4.939,5.819,4.602,6.191,18.581,5.314,14.731,4.247,7.248,10.741,12.522,6.547,10.516,4.688,23.597,6.26,3.588,5.723,5.267,8.927,5.314,6.557,4.061,15.216,4.329,4.626,4.319,4.312,3.998,,,,,,,,,,,,,,,,,,,,,,,,,,,,,,,,,,,,,,,
Pretoria,4.325,4.531,4.718,4.323,7.589,9.933,5.836,5.503,6.294,5.883,5.724,7.124,17.675,6.569,13.708,5.29,7.066,12.513,10.975,5.381,9.047,4.36,22.375,4.893,4.112,6.581,5.411,7.462,5.476,5.4,5.387,14.226,4.512,4.284,4.449,4.622,4.274,,,,,,,,,,,,,,,,,,,,,,,,,,,,,,,,,,,,,,,
Thohoyandou,3.5,3.552,4.279,3.624,3.35,9.097,4.728,4.427,5.717,4.814,4.993,6.248,17.097,5.871,12.904,4.872,6.176,12.924,9.837,4.375,8.009,6.522,26.124,4.256,3.963,3.725,5.521,6.391,5.148,4.409,3.948,13.466,4.193,3.524,3.537,4.255,3.457,,,,,,,,,,,,,,,,,,,,,,,,,,,,,,,,,,,,,,,
Nelspruit,3.908,3.888,4.726,4.201,4.3,8.564,4.584,4.564,6.228,4.454,5.384,6.565,16.195,6.348,12.472,5.191,5.278,13.224,10.692,5.052,8.536,5.684,27.15,5.016,5.379,5.009,5.779,7.471,5.32,5.265,4.154,12.904,4.539,3.868,3.86,4.61,4.129,,,,,,,,,,,,,,,,,,,,,,,,,,,,,,,,,,,,,,,
Durban,3.065,4.103,6.338,3.757,3.251,6.982,3.775,3.328,7.66,5.063,6.691,8.154,15.373,7.907,11.12,6.034,5.786,14.953,7.464,3.202,5.437,8.676,29.066,4.346,4.201,3.675,6.949,4.504,5.79,3.431,5.35,11.701,5.941,3.015,4.012,6.169,4.505,,,,,,,,,,,,,,,,,,,,,,,,,,,,,,,,,,,,,,,
Mthatha,4.335,3.352,4.366,3.938,4.795,8.003,4.608,4.629,5.481,4.279,4.653,6.758,16.625,5.94,13.055,4.208,5.351,12.161,11.288,5.069,8.325,6.52,31.391,4.847,5.316,5.329,5.749,8.194,6.036,5.41,6.12,13.501,4.231,4.355,3.365,4.316,4.857,,,,,,,,,,,,,,,,,,,,,,,,,,,,,,,,,,,,,,,
George,2.336,2.416,2.55,3.332,5.566,10.087,6.3,5.782,3.468,5.922,3.429,5.814,19.596,4.248,15.456,2.468,7.708,9.152,11.345,4.79,8.878,11.64,32.578,3.647,2.902,3.964,4.116,7.651,8.869,4.942,5.405,16.081,2.383,2.25,2.338,2.451,4.123,,,,,,,,,,,,,,,,,,,,,,,,,,,,,,,,,,,,,,,
Stellenboch,2.589,2.756,3.162,3.117,4.286,9.753,5.942,5.339,3.198,5.7,3.135,5.284,19.572,3.813,15.108,2.708,7.62,9.8,9.999,4.123,7.852,11.119,29.647,3.625,2.897,3.433,5.074,6.507,8.845,4.246,4.164,15.811,3.222,2.606,2.766,3.213,2.993,,,,,,,,,,,,,,,,,,,,,,,,,,,,,,,,,,,,,,,
Cape Point,4.428,7.84,7.172,10.067,10.513,15.783,12.217,11.945,6.706,11.14,7.7,8.303,24.689,6.993,20.976,7.643,12.837,5.169,17.984,11.546,15.576,19.268,39.425,10.158,6.492,9.952,8.318,14.41,16.45,11.752,8.609,21.616,7.429,4.442,7.793,7.122,8.828,,,,,,,,,,,,,,,,,,,,,,,,,,,,,,,,,,,,,,,
,,,,,,,,,,,,,,,,,,,,,,,,,,,,,,,,,,,,,,,,,,,,,,,,,,,,,,,,,,,,,,,,,,,,,,,,,,,,
,4,4,4,5,6,11,7,6,5,6,5,7,19,6,15,5,8,10,12,6,10,8,28,5,4,5,6,8,6,6,6,16,4,4,4,4,5,,,,,,,,,,,,,,,,,,,,,,,,,,,,,,,,,,,,,,,
r2,,,,,,,,,,,,,,,,,,,,,,,,,,,,,,,,,,,,,,,,,,,,,,,,,,,,,,,,,,,,,,,,,,,,,,,,,,,,
Station/Model,Site2,Climate2,National2,SS,IP,BD,BigaRosa,Brichambaut,Schulze,Haurwitz,HaurwitzM,BDM,KC,KCM,ABCG,ABCGM,RS,DPP,YangWalsh,Sharma,ElMghouchi,HLJ,FuRich,TJ,McClear,Kasten,Kumar,Campbell,Samimi,WMO1,WMO2,BdD,PdBV,Site1,Climate1,National1,ESRA,,,,,,,,,,,,,,,,,,,,,,,,,,,,,,,,,,,,,,,
Alexandra Bay,0.992,0.99,0.992,0.989,0.949,0.911,0.97,0.975,0.988,0.971,0.989,0.974,0.682,0.985,0.81,0.992,0.949,0.913,0.906,0.982,0.938,0.89,0.25,0.986,0.989,0.974,0.98,0.959,0.94,0.981,0.954,0.792,0.992,0.992,0.985,0.992,0.968,,,,,,,,,,,,,,,,,,,,,,,,,,,,,,,,,,,,,,,
Upington,0.989,0.963,0.981,0.967,0.959,0.872,0.932,0.939,0.978,0.94,0.972,0.962,0.663,0.974,0.771,0.977,0.915,0.97,0.852,0.948,0.888,0.931,0.435,0.962,0.991,0.978,0.976,0.915,0.953,0.946,0.933,0.753,0.982,0.99,0.988,0.983,0.941,,,,,,,,,,,,,,,,,,,,,,,,,,,,,,,,,,,,,,,
De Aar,0.995,0.995,0.983,0.968,0.987,0.861,0.922,0.929,0.978,0.932,0.971,0.958,0.635,0.973,0.747,0.975,0.905,0.984,0.835,0.942,0.878,0.959,0.482,0.962,0.997,0.989,0.978,0.905,0.977,0.941,0.939,0.73,0.982,0.995,0.995,0.983,0.948,,,,,,,,,,,,,,,,,,,,,,,,,,,,,,,,,,,,,,,
Bethlehem,0.989,0.987,0.989,0.98,0.958,0.868,0.954,0.957,0.988,0.965,0.986,0.972,0.676,0.984,0.783,0.989,0.946,0.944,0.837,0.954,0.887,0.985,0.476,0.964,0.978,0.981,0.981,0.912,0.985,0.953,0.983,0.77,0.988,0.99,0.988,0.989,0.989,,,,,,,,,,,,,,,,,,,,,,,,,,,,,,,,,,,,,,,
Mahikeng,0.983,0.981,0.982,0.973,0.976,0.888,0.955,0.958,0.981,0.962,0.981,0.971,0.682,0.979,0.795,0.981,0.943,0.919,0.856,0.955,0.895,0.968,0.472,0.961,0.979,0.981,0.97,0.92,0.972,0.953,0.981,0.779,0.981,0.983,0.981,0.982,0.977,,,,,,,,,,,,,,,,,,,,,,,,,,,,,,,,,,,,,,,
Irene,0.979,0.982,0.982,0.978,0.952,0.872,0.962,0.966,0.977,0.968,0.98,0.963,0.67,0.973,0.793,0.983,0.95,0.89,0.85,0.959,0.894,0.979,0.468,0.963,0.988,0.969,0.974,0.924,0.973,0.959,0.984,0.779,0.982,0.98,0.982,0.982,0.985,,,,,,,,,,,,,,,,,,,,,,,,,,,,,,,,,,,,,,,
Pretoria,0.981,0.979,0.977,0.981,0.941,0.9,0.965,0.969,0.96,0.965,0.967,0.948,0.683,0.956,0.809,0.972,0.949,0.841,0.878,0.971,0.917,0.981,0.492,0.976,0.983,0.956,0.97,0.943,0.97,0.97,0.971,0.794,0.979,0.981,0.98,0.978,0.981,,,,,,,,,,,,,,,,,,,,,,,,,,,,,,,,,,,,,,,
Thohoyandou,0.987,0.986,0.98,0.986,0.988,0.91,0.976,0.979,0.964,0.975,0.973,0.957,0.68,0.962,0.818,0.974,0.958,0.817,0.894,0.979,0.93,0.954,0.254,0.98,0.983,0.985,0.967,0.955,0.971,0.979,0.983,0.802,0.981,0.986,0.986,0.98,0.987,,,,,,,,,,,,,,,,,,,,,,,,,,,,,,,,,,,,,,,
Nelspruit,0.984,0.984,0.976,0.981,0.98,0.921,0.977,0.978,0.958,0.979,0.969,0.954,0.717,0.957,0.832,0.971,0.97,0.811,0.877,0.972,0.921,0.965,0.205,0.973,0.969,0.973,0.964,0.94,0.969,0.97,0.981,0.82,0.978,0.984,0.984,0.977,0.982,,,,,,,,,,,,,,,,,,,,,,,,,,,,,,,,,,,,,,,
Durban,0.989,0.981,0.954,0.984,0.988,0.944,0.984,0.987,0.933,0.971,0.949,0.924,0.731,0.929,0.859,0.958,0.962,0.745,0.936,0.988,0.966,0.914,0.037,0.978,0.98,0.985,0.945,0.977,0.962,0.987,0.967,0.844,0.96,0.99,0.982,0.957,0.977,,,,,,,,,,,,,,,,,,,,,,,,,,,,,,,,,,,,,,,
Mthatha,0.983,0.99,0.983,0.986,0.98,0.943,0.981,0.981,0.973,0.984,0.981,0.96,0.756,0.969,0.849,0.984,0.975,0.869,0.887,0.977,0.939,0.962,0.129,0.979,0.975,0.975,0.971,0.941,0.968,0.974,0.967,0.839,0.984,0.983,0.99,0.984,0.979,,,,,,,,,,,,,,,,,,,,,,,,,,,,,,,,,,,,,,,
George,0.996,0.995,0.995,0.991,0.976,0.92,0.969,0.974,0.991,0.972,0.991,0.973,0.697,0.986,0.812,0.995,0.953,0.934,0.899,0.982,0.938,0.893,0.164,0.99,0.993,0.988,0.987,0.954,0.938,0.981,0.977,0.796,0.996,0.996,0.996,0.995,0.987,,,,,,,,,,,,,,,,,,,,,,,,,,,,,,,,,,,,,,,
Stellenboch,0.994,0.994,0.991,0.992,0.984,0.919,0.97,0.976,0.991,0.972,0.992,0.976,0.674,0.988,0.806,0.994,0.951,0.918,0.915,0.986,0.948,0.895,0.252,0.989,0.993,0.99,0.978,0.964,0.933,0.985,0.985,0.787,0.991,0.994,0.993,0.991,0.992,,,,,,,,,,,,,,,,,,,,,,,,,,,,,,,,,,,,,,,
Cape Point,0.988,0.963,0.969,0.939,0.933,0.849,0.91,0.914,0.973,0.925,0.964,0.958,0.631,0.97,0.734,0.965,0.9,0.984,0.804,0.919,0.853,0.775,0.059,0.938,0.974,0.94,0.958,0.874,0.836,0.916,0.955,0.717,0.967,0.988,0.963,0.969,0.953,,,,,,,,,,,,,,,,,,,,,,,,,,,,,,,,,,,,,,,
